orth	code	typ MWE (wszystko OK = poprawna grupa składniowa niebędąca ani nazwą własną, ani deskrypcją określoną)	intuicyjnie termin?	intuicyjnie MWLU? (wg testu Słowosieci)	komentarz	wyraz uwięziony / znaczenie uwięzione	termin (wg procedury Słowosieci)	parafraza (wg procedury Słowosieci)	decyzja (wg procedury Słowosieci i kolumn D, E, F)	czy typ strukturalny N+Adj
listopada 1914	0.0	błąd - niewłaściwie rozpoznany typ strukturalny								
czerwca 1942	1.0	błąd - niewłaściwie rozpoznany typ strukturalny								
czerwca 1979	[0. 1.]	błąd - niewłaściwie rozpoznany typ strukturalny								
maja 2000	0.0	błąd - niewłaściwie rozpoznany typ strukturalny								
marca 2005	0.0	błąd - niewłaściwie rozpoznany typ strukturalny								
2007 08	[0. 1.]	błąd - niewłaściwie rozpoznany typ strukturalny								
września 2007	0.0	błąd - niewłaściwie rozpoznany typ strukturalny								
maja 2011	0.0	błąd - niewłaściwie rozpoznany typ strukturalny								
19 stycznia	1.0	błąd - niewłaściwie rozpoznany typ strukturalny								
1 sierpnia	0.0	błąd - niewłaściwie rozpoznany typ strukturalny								
13 lis	[0. 1.]	błąd - niewłaściwie rozpoznany typ strukturalny								
1 kc	1.0	błąd - niewłaściwie rozpoznany typ strukturalny								
1002 kc	1.0	błąd - niewłaściwie rozpoznany typ strukturalny								
1011 kc	1.0	błąd - niewłaściwie rozpoznany typ strukturalny								
1793 roku	1.0	błąd - niewłaściwie rozpoznany typ strukturalny								
1794 roku	1.0	błąd - niewłaściwie rozpoznany typ strukturalny								
1866 roku	[0. 1.]	błąd - niewłaściwie rozpoznany typ strukturalny								
1867 roku	[0. 1.]	błąd - niewłaściwie rozpoznany typ strukturalny								
1869 roku	1.0	błąd - niewłaściwie rozpoznany typ strukturalny								
1880 roku	[0. 1.]	błąd - niewłaściwie rozpoznany typ strukturalny								
1882 roku	1.0	błąd - niewłaściwie rozpoznany typ strukturalny								
1883 roku	[0. 1.]	błąd - niewłaściwie rozpoznany typ strukturalny								
1890 roku	1.0	błąd - niewłaściwie rozpoznany typ strukturalny								
1895 roku	[0. 1.]	błąd - niewłaściwie rozpoznany typ strukturalny								
1899 roku	1.0	błąd - niewłaściwie rozpoznany typ strukturalny								
1901 roku	1.0	błąd - niewłaściwie rozpoznany typ strukturalny								
1909 roku	1.0	błąd - niewłaściwie rozpoznany typ strukturalny								
1932 roku	1.0	błąd - niewłaściwie rozpoznany typ strukturalny								
2010 roku	[0. 1.]	błąd - niewłaściwie rozpoznany typ strukturalny								
aberracji sferycznej	1.0	wszystko OK	TAK	RACZEJ TAK						
absorpcji jelitowej	1.0	wszystko OK	NIE	RACZEJ NIE						
ad astra	1.0	błąd - niepolska zbitka wyrazów								
ahistoryzmu metafilozoficznego	0.0	wszystko OK	NIE	RACZEJ NIE						
alfabetu greckiego	[0. 1.]	wszystko OK	TAK	TAK						
amerykański pisarz	0.0	wszystko OK	NIE	NIE						
amylazy ślinowej	1.0	wszystko OK	TAK	TAK						
anglosaksońskiej półsamogłoski	1.0	wszystko OK	NIE	NIE						
anus praeter	[0. 1.]	błąd - niepolska zbitka wyrazów								
archidiecezji krakowskiej	1.0	wszystko OK	NIE	NIE						
asesor in	1.0	błąd - niepolska zbitka wyrazów								
azotu amonowego	0.0	wszystko OK	TAK	TAK						
banderola akcyzowa	1.0	wszystko OK	NIE	RACZEJ NIE						
baptysterium merowińskim	[0. 1.]	wszystko OK	NIE	NIE						
bardzo interesujący	0.0	wszystko OK	NIE	NIE						
bawarskiego klubu	1.0	wszystko OK	NIE	NIE						
bawarskiej drużyny	1.0	wszystko OK	NIE	NIE						
belki poprzecznej	[0. 1.]	wszystko OK	NIE	RACZEJ NIE						
benzoesan benzylu	1.0	wszystko OK	TAK	TAK						
bezargumentowy funktor	1.0	wszystko OK	NIE	RACZEJ NIE						
bezciśnieniowej desorpcji	1.0	wszystko OK	NIE	RACZEJ NIE						
bezsmakową breją	1.0	wszystko OK	NIE	NIE						
beztłuszczowej masy	[0. 1.]	wszystko OK	NIE	NIE						
bezwodna hydrazyna	1.0	wszystko OK	TAK	TAK						
biegów długodystansowych	[0. 1.]	wszystko OK	NIE	NIE						
błędy ortograficzne	0.0	wszystko OK	NIE	NIE						
błoną presynaptyczną	1.0	wszystko OK	TAK	TAK						
błony bębenkowej	1.0	wszystko OK	TAK	TAK						
błony maziowej	[0. 1.]	wszystko OK	TAK	TAK						
błony surowiczej	1.0	wszystko OK	TAK	TAK						
boksie kwarantannowym	1.0	wszystko OK	NIE	RACZEJ NIE						
bosonogich rikszarzy	[0. 1.]	wszystko OK	NIE	NIE						
brak apetytu	0.0	wszystko OK	NIE	NIE						
brazylijskiego gwiazdora	0.0	wszystko OK	NIE	NIE						
bruździe podpiersiowej	1.0	wszystko OK	TAK	RACZEJ TAK						
bryzgun brzozowiec	1.0	wszystko OK	TAK	TAK						
bufetu szwedzkiego	1.0	wszystko OK	NIE	TAK						
całomeczowa słoniowatość	1.0	wszystko OK	NIE	NIE						
celebrze pontyfikalnej	1.0	wszystko OK	NIE	NIE						
centrali alarmowej	[0. 1.]	wszystko OK	NIE	NIE						
centrum handlowym	0.0	wszystko OK	NIE	TAK						
chili con	[0. 1.]	urwana fraza								
chlamydia pneumonie	[0. 1.]	błąd - niepolska zbitka wyrazów			chlamydia pneumoniae					
choina mertensa	[0. 1.]	błąd - literówka			choina martensa					
chrząstek nasadowych	[0. 1.]	wszystko OK	TAK	TAK						
ciąży bliźniaczej	1.0	wszystko OK	TAK	RACZEJ TAK						
ciężarne samice	[0. 1.]	wszystko OK	NIE	NIE						
czarnosecinna sotnia	1.0	wszystko OK	NIE	NIE						
czarownicę neopogańską	[0. 1.]	wszystko OK	NIE	NIE						
czerw trutowy	1.0	wszystko OK	TAK	TAK						
części roślin	0.0	wszystko OK	NIE	NIE						
członków honorowych	1.0	wszystko OK	NIE	NIE						
danym lokalu	0.0	wszystko OK	NIE	NIE						
darmowego oprogramowania	0.0	wszystko OK	NIE	NIE						
dekrement logarytmiczny	1.0	wszystko OK	NIE	NIE	logarytmiczny dekrement tłumienia					
depozytu sadowego	1.0	wszystko OK	TAK	TAK						
destylacji frakcyjnej	[0. 1.]	wszystko OK	TAK	TAK						
diabła tasmańskiego	1.0	wszystko OK	TAK	TAK						
diasporze żydowskiej	[0. 1.]	wszystko OK	NIE	RACZEJ TAK	każda diaspora jest zydowska, więc określenie to ma charakter pleonazmu, ale! funkcjonuje.					
dieta eliminacyjna	1.0	wszystko OK	NIE	RACZEJ NIE						
dieta śródziemnomorska	1.0	wszystko OK	NIE	RACZEJ NIE						
dnia 14	[0. 1.]	błąd - niegramatyczna fraza								
dnia uprawomocnienia	0.0	wszystko OK	NIE	NIE						
dog niemiecki	1.0	wszystko OK	TAK	TAK						
dokładny termin	0.0	wszystko OK	NIE	NIE						
donoszenie ciąży	[0. 1.]	wszystko OK	NIE	NIE						
dorosłe osoby	0.0	wszystko OK	NIE	NIE						
dotacji unijnych	0.0	wszystko OK	NIE	NIE						
dowolnym kolorze	0.0	wszystko OK	NIE	NIE						
dożywotnią gwarancją	0.0	wszystko OK	NIE	NIE						
drugie życzenie	0.0	wszystko OK	NIE	NIE						
drugiej ciąży	1.0	wszystko OK	NIE	NIE						
dwukrotnym kliknięciu	1.0	wszystko OK	NIE	NIE						
dwupłatowych myśliwcach	[0. 1.]	wszystko OK	NIE	NIE						
dwuskokowym ościeżu	1.0	wszystko OK	NIE	NIE						
dwuuskokowym ościeżu	1.0	błąd - literówka								
dychawicy oskrzelowej	1.0	wszystko OK	TAK	TAK						
dzienną kapitalizacją	1.0	wszystko OK	NIE	NIE						
edylowie kurulni	[0. 1.]	wszystko OK	TAK	TAK						
ekstruzji dwuślimakowej	1.0	wszystko OK	NIE	NIE						
elektroforezy kapilarnej	1.0	wszystko OK	TAK	TAK						
elementów wyposażenia	0.0	wszystko OK	NIE	NIE						
emulsją asfaltową	[0. 1.]	wszystko OK	NIE	NIE						
endometriozy śródmacicznej	[0. 1.]	wszystko OK	NIE	RACZEJ NIE						
europejskiej trasy	0.0	wszystko OK	NIE	NIE						
faktur zaliczkowych	[0. 1.]	wszystko OK	NIE	TAK						
fej zbuk	0.0	błąd - niegramatyczna fraza								
fermentacji beztlenowej	1.0	wszystko OK	TAK	TAK						
field field	1.0	błąd - niepolska zbitka wyrazów								
finalistka konkursu	0.0	wszystko OK	NIE	NIE						
firmę jednoosobową	0.0	wszystko OK	NIE	NIE						
fizjonomicznej lordozy	[0. 1.]	wszystko OK	NIE	NIE						
fluidu elektromagnetycznego	[0. 1.]	wszystko OK	NIE	NIE						
fluktuacje kwantowe	1.0	wszystko OK	TAK	RACZEJ TAK						
fluorku cynawego	[0. 1.]	wszystko OK	TAK	TAK						
frazeologii prorustykalnej	1.0	wszystko OK	NIE	RACZEJ NIE						
fryzem arkadkowym	1.0	wszystko OK	TAK	RACZEJ TAK						
fug epoksydowych	1.0	wszystko OK	TAK	RACZEJ TAK						
fundamentalizm islamski	0.0	wszystko OK	NIE	NIE						
funduszem kapitałowym	1.0	wszystko OK	TAK	TAK						
funduszy emerytalnych	0.0	wszystko OK	TAK	RACZEJ TAK						
funduszy poręczeniowych	[0. 1.]	wszystko OK	TAK	RACZEJ TAK						
gazowe.bron hukowa	1.0	błąd - niegramatyczna fraza								
genu odpowiedzialnego	0.0	wszystko OK	NIE	NIE						
geometrii euklidesowej	1.0	wszystko OK	TAK	TAK						
geometrii fraktalnej	1.0	wszystko OK	TAK	RACZEJ TAK						
geometrii nieeuklidesowej	1.0	wszystko OK	TAK	TAK						
geomorfologii glacjalnej	1.0	wszystko OK	NIE	RACZEJ NIE						
głębokość bieżnika	[0. 1.]	wszystko OK	NIE	NIE						
głębokość zanurzenia	1.0	wszystko OK	NIE	NIE						
gniadą fornalską	1.0	wszystko OK	NIE	RACZEJ NIE						
gnozie walentyńskiej	[0. 1.]	wszystko OK	NIE	RACZEJ NIE						
godzinie 15	1.0	błąd - niewłaściwie rozpoznany typ strukturalny	NIE	NIE						
godzinie dziewiątej	[0. 1.]	wszystko OK	NIE	NIE						
gonadotropin przysadkowych	1.0	wszystko OK	TAK	TAK						
goryczka wąskolistna	[0. 1.]	wszystko OK	TAK	TAK						
gospodarstw chłopskich	0.0	wszystko OK	NIE	NIE						
gospodarzem turnieju	0.0	wszystko OK	NIE	NIE						
górnej powiece	[0. 1.]	wszystko OK	NIE	NIE						
granulacji fotosferycznej	[0. 1.]	wszystko OK	TAK	RACZEJ TAK						
greckiej bogini	0.0	wszystko OK	NIE	NIE						
grobelce ekwipaż	[0. 1.]	urwana fraza								
grobowca cesarza	[0. 1.]	wszystko OK	NIE	NIE						
grube mury	0.0	wszystko OK	NIE	NIE						
gruczolaka przysadki	1.0	wszystko OK	TAK	TAK						
gruczołu krokowego	1.0	wszystko OK	TAK	TAK						
gry edukacyjne	0.0	wszystko OK	NIE	NIE						
guza przysadki	1.0	wszystko OK	TAK	RACZEJ TAK						
helskim fokarium	0.0	wszystko OK	NIE	NIE						
herezja nestorianizmu	[0. 1.]	wszystko OK	NIE	NIE						
hierarchicznej struktury	0.0	wszystko OK	NIE	NIE						
hipoteki przymusowej	1.0	wszystko OK	NIE	RACZEJ NIE						
honorową bramkę	0.0	wszystko OK	NIE	NIE						
honorowego krwiodawstwa	1.0	wszystko OK	NIE	NIE						
honorowy prezes	1.0	wszystko OK	NIE	NIE						
hula hop	0.0	wszystko OK	NIE	TAK						
iloczyn rozpuszczalności	[0. 1.]	wszystko OK	NIE	RACZEJ NIE						
ilość gotówki	0.0	wszystko OK	NIE	NIE						
imiesłowów przymiotnikowych	0.0	wszystko OK	TAK	TAK						
indukcji elektromagnetycznej	1.0	wszystko OK	TAK	TAK						
insuliny przedposiłkowej	1.0	wszystko OK	NIE	RACZEJ NIE						
interferometrii dwuwiązkowej	[0. 1.]	wszystko OK	NIE	NIE WIEM						
intersubiektywną doświadczalność	1.0	wszystko OK	NIE	RACZEJ NIE						
intersubiektywnej sprawdzalności	[0. 1.]	wszystko OK	NIE	RACZEJ NIE						
jasnych kolorach	0.0	wszystko OK	NIE	NIE						
jelita drażliwego	[0. 1.]	urwana fraza	NIE	NIE	zespół jelita drażliwego					
jeżówki purpurowej	[0. 1.]	wszystko OK	TAK	TAK						
jęzory lodowców	1.0	wszystko OK	NIE	RACZEJ NIE						
języku hebrajskim	1.0	wszystko OK	TAK	TAK						
kalifa kordobańskiego	1.0	wszystko OK	TAK	RACZEJ TAK	in. Kalifat Kordoby					
kamizelki ochronnej	0.0	wszystko OK	NIE	RACZEJ NIE						
kancelarii notarialnej	1.0	wszystko OK	NIE	NIE						
kapicy popogrzebowej	1.0	błąd - literówka								
katakumby pobazyliańskie	1.0	wszystko OK	NIE	NIE						
kędziorkom osypującym	[0. 1.]	urwana fraza								
kilogram masy	1.0	wszystko OK	NIE	NIE						
kilogramami oporządzenia	1.0	wszystko OK	NIE	NIE						
kilometrów kwadratowych	[0. 1.]	wszystko OK	NIE	NIE						
klasztor bernardynek	1.0	wszystko OK	NIE	NIE						
klasztor kamedułów	1.0	wszystko OK	NIE	NIE						
klasztoru benedyktynów	1.0	wszystko OK	NIE	NIE						
klasztoru benedyktyńskiego	1.0	wszystko OK	NIE	NIE						
klasztoru kapucynów	1.0	wszystko OK	NIE	NIE						
klasztoru karmelitanek	1.0	wszystko OK	NIE	NIE						
klauzulą poufności	1.0	wszystko OK	TAK	RACZEJ TAK						
klątwy rzuconej	1.0	wszystko OK	NIE	NIE						
klientów informacje	0.0	urwana fraza								
klocki hamulcowe	1.0	wszystko OK	TAK	RACZEJ TAK						
klocu piszczałkowym	[0. 1.]	wszystko OK	TAK	RACZEJ TAK						
klubu muzycznego	0.0	wszystko OK	NIE	RACZEJ NIE						
klucz aktywacyjny	[0. 1.]	wszystko OK	NIE	RACZEJ TAK						
kłykcia potylicznego	1.0	wszystko OK	TAK	TAK						
koagulacji monopolarnej	1.0	wszystko OK	TAK	RACZEJ TAK						
kodem kreskowym	1.0	wszystko OK	NIE	TAK						
kokosową pierzynką	[0. 1.]	wszystko OK	NIE	NIE						
kolbki synaptycznej	1.0	wszystko OK	TAK	TAK						
kole podbiegunowym	1.0	wszystko OK	TAK	TAK						
kolejny projekt	0.0	wszystko OK	NIE	NIE						
koloraturowy sopran	[0. 1.]	wszystko OK	NIE	RACZEJ NIE						
kolumnie marszowej	[0. 1.]	wszystko OK	NIE	NIE						
koła podbiegunowego	1.0	wszystko OK	TAK	TAK						
kołacze bryzgane	1.0	urwana fraza								
kołowej orbicie	1.0	wszystko OK	NIE	NIE						
komory powietrznej	1.0	wszystko OK	NIE	RACZEJ NIE						
komórek nabłonkowych	0.0	wszystko OK	TAK	TAK						
kompania saperów	1.0	wszystko OK	NIE	NIE						
kompleks witamin	0.0	wszystko OK	NIE	NIE						
komsomolec komsomolcowi	1.0	wszystko OK	NIE	NIE	okazjonalizm					
kondensacji międzywarstwowej	1.0	wszystko OK	TAK	RACZEJ TAK						
kondukt żałobny	1.0	wszystko OK	NIE	TAK						
kontynencie północnoamerykańskim	0.0	deskrypcja określona								
kopułą pancerną	[0. 1.]	wszystko OK	NIE	RACZEJ NIE						
kory cynamonowca	[0. 1.]	wszystko OK	NIE	NIE						
kory wzrokowej	[0. 1.]	wszystko OK	TAK	RACZEJ TAK						
korzeń mandragory	1.0	wszystko OK	NIE	RACZEJ NIE						
kosę spalinową	1.0	wszystko OK	NIE	RACZEJ NIE						
kostkę bulionową	1.0	wszystko OK	NIE	RACZEJ NIE						
kostkę rosołową	1.0	wszystko OK	NIE	RACZEJ NIE						
kości cielęce	0.0	wszystko OK	NIE	NIE						
kościele farnym	1.0	wszystko OK	NIE	RACZEJ NIE						
kościele franciszkanów	1.0	wszystko OK	NIE	NIE						
kościele klasztornym	1.0	wszystko OK	NIE	NIE						
kościoła anglikańskiego	[0. 1.]	wszystko OK	NIE	NIE						
kradzieży tożsamości	0.0	wszystko OK	NIE	NIE						
kręgiem polarnym	1.0	wszystko OK	TAK	RACZEJ TAK						
ksieni klasztoru	1.0	wszystko OK	NIE	NIE						
księży pedofilów	1.0	wszystko OK	NIE	NIE						
księżycową poświatą	[0. 1.]	wszystko OK	NIE	NIE						
księżycowy regolit	[0. 1.]	wszystko OK	NIE	RACZEJ NIE						
kukanie kukułki	1.0	wszystko OK	NIE	NIE						
kurs euro	0.0	wszystko OK	NIE	NIE						
kwalifikowanym podpisem	[0. 1.]	wszystko OK	NIE	NIE						
kwarka 080000	1.0	błąd - niewłaściwie rozpoznany typ strukturalny								
kwaśnego torfu	[0. 1.]	wszystko OK	NIE	NIE						
liczbach zmiennoprzecinkowych	1.0	wszystko OK	TAK	TAK						
liftingu twarzy	0.0	wszystko OK	NIE	NIE						
limit debetowy	0.0	wszystko OK	NIE	NIE						
linią przerywaną	0.0	wszystko OK	NIE	NIE						
lipazy trzustkowej	1.0	wszystko OK	TAK	RACZEJ TAK						
listwy wykończeniowe	0.0	wszystko OK	NIE	RACZEJ NIE						
logarytmiczny dekrement	1.0	wszystko OK	NIE	RACZEJ NIE						
ludności ukraińskiej	0.0	wszystko OK	NIE	NIE						
lufą gwintowaną	1.0	wszystko OK	TAK	RACZEJ TAK						
luffy dyniowatej	[0. 1.]	urwana fraza								
luku bagażowym	[0. 1.]	wszystko OK	NIE	NIE						
łamaną niemczyzną	1.0	wszystko OK	NIE	NIE						
łańcuchówek dolinnych	0.0	wszystko OK	NIE	NIE						
łatwego życia	0.0	wszystko OK	NIE	NIE						
mafii paliwowej	1.0	wszystko OK	NIE	RACZEJ NIE						
mafii sycylijskiej	1.0	wszystko OK	NIE	NIE						
masy termoutwardzalnej	1.0	wszystko OK	NIE	RACZEJ TAK						
maszyny czyszczące	0.0	wszystko OK	NIE	NIE						
meszek płodowy	[0. 1.]	wszystko OK	TAK	RACZEJ TAK						
metastabilność indukowana	[0. 1.]	wszystko OK	NIE	RACZEJ NIE						
mężowych basałykach	1.0	wszystko OK	NIE	NIE						
miedzi beztlenowej	[0. 1.]	wszystko OK	TAK	TAK						
mieszkańców wioski	0.0	wszystko OK	NIE	NIE						
międzyszybowej kryptonem	[0. 1.]	urwana fraza								
mięśniaków macicy	1.0	wszystko OK	TAK	TAK						
mięty pieprzowej	0.0	wszystko OK	TAK	TAK						
mikroflorę pochwy	[0. 1.]	wszystko OK	NIE	NIE						
mikroskopii fluorescencyjnej	[0. 1.]	wszystko OK	TAK	TAK						
miłosne igraszki	0.0	wszystko OK	NIE	NIE						
miszków włosowych	1.0	błąd - literówka								
młodszy brat	0.0	wszystko OK	NIE	NIE						
młody psiak	0.0	wszystko OK	NIE	NIE						
młodziutkiego człowieka	0.0	wszystko OK	NIE	NIE						
mnich benedyktyński	1.0	wszystko OK	NIE	NIE						
mniszek klauzurowych	1.0	wszystko OK	NIE	NIE						
modelowania sylwetki	0.0	wszystko OK	NIE	NIE						
modlitwa dziękczynna	[0. 1.]	wszystko OK	NIE	NIE						
modlitwie arcykapłańskiej	1.0	wszystko OK	NIE	NIE						
mody ślubnej	0.0	wszystko OK	NIE	NIE						
monachijskiego klubu	1.0	wszystko OK	NIE	NIE						
mordę jeża	[0. 1.]	urwana fraza								
mruczącym kocurkiem	1.0	wszystko OK	NIE	NIE						
muru berlińskiego	1.0	deskrypcja określona								
muru pruskiego	1.0	wszystko OK	NIE	NIE						
muszla oczna	1.0	wszystko OK	TAK	TAK						
muzyki klezmerskiej	0.0	wszystko OK	TAK	TAK						
muzyki sączącej	0.0	urwana fraza								
nabłonkowego przedinwazyjnego	1.0	błąd - niewłaściwie rozpoznany typ strukturalny								
najczęściej myślimy	0.0	błąd - niewłaściwie rozpoznany typ strukturalny								
najlepszych zawodniczek	0.0	wszystko OK	NIE	NIE						
najwybitniejszych pisarzy	0.0	wszystko OK	NIE	NIE						
namiętnym poszukiwaniem	0.0	wszystko OK	NIE	NIE						
nanosekundy stalem	1.0	błąd - niewłaściwie rozpoznany typ strukturalny								
narciarstwie wysokogórskim	0.0	wszystko OK	NIE	TAK						
nawy poprzecznej	1.0	wszystko OK	TAK	TAK						
negatoskopach żaluzjowych	1.0	wszystko OK	TAK	TAK						
neogotycki kościół	[0. 1.]	wszystko OK	NIE	NIE						
neokantyzm badeński	1.0	wszystko OK	NIE	NIE						
neuropatii cukrzycowej	1.0	wszystko OK	TAK	TAK						
nieczynnej kopalni	1.0	wszystko OK	NIE	NIE						
niedokwaśność żołądka	1.0	wszystko OK	TAK	TAK						
niedomykalności aortalnej	1.0	wszystko OK	TAK	RACZEJ TAK						
nieformalnej separacji	0.0	wszystko OK	NIE	NIE						
niektórych gatunków	0.0	wszystko OK	NIE	NIE						
niemiecki zespół	1.0	wszystko OK	NIE	NIE						
niemieckiego klubu	1.0	wszystko OK	NIE	NIE						
niemieckiej okupacji	1.0	wszystko OK	NIE	NIE						
niepowtarzalny styl	0.0	wszystko OK	NIE	NIE						
nieślizgowych halsach	[0. 1.]	błąd - niegramatyczna fraza								
non est	0.0	błąd - niepolska zbitka wyrazów								
nulla obligatio	1.0	błąd - niepolska zbitka wyrazów								
numer polisy	0.0	wszystko OK	NIE	NIE						
nuta romansu	0.0	wszystko OK	NIE	NIE						
obiektem pożądania	0.0	wszystko OK	NIE	NIE						
obiektyw kamery	0.0	wszystko OK	NIE	NIE						
obocznej szynkowni	1.0	wszystko OK	NIE	NIE						
oborą wolnostanowiskową	1.0	wszystko OK	TAK	RACZEJ TAK						
obręczy barkowej	1.0	wszystko OK	TAK	TAK						
obronną ręką	0.0	wszystko OK	NIE	TAK						
obrządku ormiańskokatolickim	[0. 1.]	wszystko OK	NIE	NIE						
obwodu głosowania	0.0	wszystko OK	NIE	NIE						
oczeret jeziorny	0.0	wszystko OK	TAK	TAK						
oddzialik driad	[0. 1.]	wszystko OK	NIE	NIE						
odpalone race	0.0	wszystko OK	NIE	NIE						
odporności immunologicznej	[0. 1.]	wszystko OK	TAK	TAK						
odporności ogniowej	1.0	wszystko OK	TAK	TAK						
odpowiedzialności odszkodowawczej	[0. 1.]	wszystko OK	TAK	RACZEJ TAK						
odrzutu lufy	1.0	wszystko OK	NIE	NIE						
odtwarzacz multimediów	0.0	wszystko OK	NIE	NIE						
oferty sprzedaży	0.0	wszystko OK	NIE	NIE						
ogłady przysłoniona	0.0	urwana fraza								
ojca alkoholika	0.0	wszystko OK	NIE	NIE						
ojciec biologiczny	[0. 1.]	wszystko OK	NIE	NIE						
oklapniętym uszkiem	[0. 1.]	wszystko OK	NIE	NIE						
okresie laktacji	0.0	wszystko OK	NIE	NIE						
oligomerów amyloidu	0.0	wszystko OK	TAK	RACZEJ TAK						
ołtarz całopalenia	0.0	urwana fraza	NIE	NIE						
opadniętą szczeną	1.0	wszystko OK	NIE	NIE						
opata klasztoru	1.0	wszystko OK	NIE	NIE						
operację zaczepną	1.0	wszystko OK	NIE	NIE						
operatu kolaudacyjnego	1.0	wszystko OK	TAK	TAK						
opłat roamingowych	1.0	wszystko OK	NIE	NIE						
opłaty aktywacyjnej	1.0	wszystko OK	NIE	NIE						
opłaty manipulacyjnej	1.0	wszystko OK	NIE	NIE						
opłaty skarbowej	[0. 1.]	wszystko OK	NIE	NIE						
oprawa audiowizualna	0.0	wszystko OK	NIE	NIE						
orbicie wokółziemskiej	1.0	wszystko OK	TAK	TAK						
orbitę okołoksiężycową	[0. 1.]	wszystko OK	TAK	TAK						
orkiestrę smyczkową	0.0	wszystko OK	NIE	NIE						
orogenezie alpejskiej	1.0	wszystko OK	TAK	TAK						
oscylatorem kwarcowym	1.0	wszystko OK	TAK	RACZEJ TAK						
osobowa załoga	[0. 1.]	wszystko OK	NIE	NIE						
osoby konsekrowane	0.0	wszystko OK	NIE	NIE						
ostatniej dekady	0.0	wszystko OK	NIE	NIE						
owczarek pirenejski	[0. 1.]	wszystko OK	TAK	TAK						
pancerz pryzmatyczny	[0. 1.]	wszystko OK	NIE	NIE	to chyba z Diablo :)					
papą termozgrzewalną	[0. 1.]	wszystko OK	TAK	RACZEJ TAK						
parafii katedralnej	1.0	wszystko OK	NIE	NIE						
parafii rzymskokatolickiej	1.0	wszystko OK	NIE	NIE						
parafii wójcińskiej	[0. 1.]	wszystko OK	NIE	NIE						
pasa asteroid	0.0	wszystko OK	NIE	RACZEJ NIE	pas planetoid					
pawel marczak	1.0	nazwa własna								
personelu pokładowego	1.0	wszystko OK	NIE	NIE						
pewne bambus	1.0	urwana fraza								
pęcherza moczowego	[0. 1.]	wszystko OK	TAK	TAK						
pętla indukcyjna	0.0	wszystko OK	TAK	TAK						
piany urynowej	[0. 1.]	wszystko OK	NIE	NIE						
piece kaflowe	0.0	wszystko OK	TAK	RACZEJ TAK						
pieczęć lakowa	1.0	wszystko OK	TAK	RACZEJ TAK						
pierwszych przymrozkach	1.0	wszystko OK	NIE	NIE						
pilastrami dźwigającymi	0.0	urwana fraza								
pióreczka pawie	[0. 1.]	wszystko OK	NIE	NIE						
plotek krążących	0.0	wszystko OK	NIE	NIE						
pluszowy miś	0.0	wszystko OK	NIE	NIE						
pławki dymnej	1.0	wszystko OK	TAK	TAK						
płozy sań	1.0	wszystko OK	NIE	NIE						
pobiała wapienna	1.0	wszystko OK	TAK	TAK						
pobierana opłata	1.0	wszystko OK	NIE	NIE						
pobór energii	0.0	wszystko OK	NIE	NIE						
pochodne kumaryny	0.0	wszystko OK	NIE	NIE						
pochwa liściowa	1.0	wszystko OK	TAK	TAK						
początkowym stadium	0.0	wszystko OK	NIE	NIE						
podłożu alergicznym	1.0	wszystko OK	NIE	NIE						
podstawę prawną	[0. 1.]	wszystko OK	NIE	RACZEJ NIE						
podstawowych potrzeb	0.0	wszystko OK	NIE	NIE						
pogorszenie stanu	0.0	wszystko OK	NIE	NIE						
pohukującą naganką	1.0	wszystko OK	NIE	NIE						
pokładzie lotniskowca	1.0	wszystko OK	NIE	NIE						
polak polakowi	[0. 1.]	wszystko OK	NIE	NIE						
polimerowym monolite	0.0	błąd - niepolska zbitka wyrazów								
poluzowanych zylek	0.0	błąd - literówka			 					
połamania piór	0.0	wszystko OK	NIE	NIE	"może chodzi o frazę ""połamania piór"" w analogii do ""połamania długopisów"" i ""połamania nóg"""					
poprawiany zgodnie	1.0	wszystko OK	NIE	NIE						
poradni diabetologicznej	[0. 1.]	wszystko OK	NIE	NIE						
porażeniem mózgowym	1.0	wszystko OK	TAK	TAK						
porozdzieranej fufajce	1.0	wszystko OK	NIE	NIE						
port szeregowy	0.0	wszystko OK	TAK	TAK						
porze obiadowej	1.0	wszystko OK	NIE	NIE						
posadzka bezpyłowa	1.0	wszystko OK								
postępowaniu klauzulowym	1.0	wszystko OK								
potężną moc	0.0	wszystko OK	NIE	NIE						
potłuczeniami ciała	0.0	wszystko OK	NIE	NIE						
potrzebujących rodzin	0.0	wszystko OK	NIE	NIE						
poważne konsekwencje	0.0	wszystko OK	NIE	NIE						
powłok elektronowych	[0. 1.]	wszystko OK	TAK	TAK						
pozawątrobowej zakrzepicy	[0. 1.]	urwana fraza								
pozew rozwodowy	1.0	wszystko OK	NIE	NIE						
poziom inteligencji	0.0	wszystko OK	NIE	NIE						
pozwolenia wodnoprawnego	[0. 1.]	wszystko OK	TAK	RACZEJ TAK						
półkul mózgowych	0.0	wszystko OK	TAK	RACZEJ TAK						
północnej części	[0. 1.]	wszystko OK	NIE	NIE						
północnym krańcu	0.0	wszystko OK	NIE	NIE						
późnostarożytnej kursywie	1.0	wszystko OK	NIE	NIE						
prawie antymonopolowym	1.0	wszystko OK	TAK	TAK						
prawym kolanie	1.0	wszystko OK	NIE	NIE						
procesie norymberskim	[0. 1.]	wszystko OK	TAK	TAK						
procesja różańcowa	1.0	wszystko OK	NIE	NIE						
prochu ziemi	1.0	wszystko OK	NIE	NIE						
proestrogenowych metabolitów	0.0	urwana fraza								
profilu użytkownika	1.0	wszystko OK	TAK	RACZEJ TAK						
proso rózgowe	1.0	wszystko OK	NIE	RACZEJ NIE	proso rózgowate					
prowincjał jezuitów	[0. 1.]	wszystko OK	NIE	NIE						
pryzmę kompostową	[0. 1.]	wszystko OK	TAK	RACZEJ TAK						
przelot awionetką	0.0	wszystko OK	NIE	NIE						
przepaskę biodrową	[0. 1.]	wszystko OK	NIE	NIE						
przeprowadzenie audytu	0.0	wszystko OK	NIE	NIE						
przestronne sale	0.0	wszystko OK	NIE	NIE						
przewodu pokarmowego	1.0	wszystko OK	TAK	TAK						
przyoraną podorywką	1.0	wszystko OK	NIE	NIE						
pułapce żwirowej	1.0	wszystko OK	NIE	RACZEJ NIE						
pułapek zastawianych	[0. 1.]	urwana fraza								
punktowaną ósemką	0.0	wszystko OK	NIE	NIE						
punktu kontaktowego	[0. 1.]	wszystko OK	NIE	NIE						
purytanizmu kalwinistycznego	1.0	wszystko OK	NIE	NIE						
puszki przyłączeniowej	[0. 1.]	wszystko OK	TAK	TAK						
puszystą sierść	0.0	wszystko OK	NIE	NIE						
rafa barierowa	1.0	wszystko OK	TAK	RACZEJ TAK						
raka przełyku	1.0	wszystko OK	NIE	RACZEJ TAK						
ramach funduszy	0.0	urwana fraza								
rampę załadowczą	1.0	wszystko OK	NIE	RACZEJ TAK						
rany szarpane	0.0	wszystko OK	TAK	TAK						
rasy huculskiej	0.0	wszystko OK	NIE	NIE	koń huculski					
raz kolejny	[0. 1.]	urwana fraza								
reflektorek halogenowy	0.0	wszystko OK	NIE	RACZEJ NIE						
renesansowy zamek	1.0	wszystko OK	NIE	NIE						
rękawkami bufkami	0.0	wszystko OK	NIE	NIE						
rękojeści rezonansowej	1.0	wszystko OK	TAK	RACZEJ TAK						
rocznicę beatyfikacji	0.0	wszystko OK	NIE	NIE						
rodowodowych rodzicach	1.0	wszystko OK	NIE	NIE						
rodziców adopcyjnych	1.0	wszystko OK	NIE	NIE						
rodzin dysfunkcyjnych	1.0	wszystko OK	NIE	NIE						
rozdziawioną buzią	1.0	wszystko OK	NIE	NIE						
rozdziawioną gębą	[0. 1.]	wszystko OK	NIE	NIE						
rozmyślnej peryfrastyczności	[0. 1.]	wszystko OK	NIE	NIE						
rozpalania ognia	0.0	wszystko OK	NIE	NIE						
rożnokolorowych ważek	0.0	wszystko OK	NIE	NIE						
róży damasceńskiej	0.0	wszystko OK	TAK	TAK						
ruchu precesyjnego	1.0	wszystko OK	TAK	TAK						
ruchu robotniczego	0.0	wszystko OK	NIE	NIE						
rupii nepalskich	1.0	wszystko OK	TAK	TAK						
rury wydechowej	1.0	wszystko OK	TAK	TAK						
rygorem odpowiedzialności	1.0	wszystko OK	NIE	NIE						
rynnie polodowcowej	1.0	wszystko OK	TAK	RACZEJ TAK						
saletrą amonową	1.0	wszystko OK	TAK	TAK						
samochów połykacz	0.0	błąd - niegramatyczna fraza								
samowładzę fabrykancką	1.0	wszystko OK	NIE	NIE						
sauna fińska	1.0	wszystko OK	NIE	RACZEJ TAK						
sądu wieczystoksięgowego	1.0	wszystko OK	NIE	RACZEJ NIE						
schizoidalna dwumyśl	[0. 1.]	błąd - niegramatyczna fraza								
seat toledo.na	[0. 1.]	błąd - niegramatyczna fraza								
seksowne stringi	0.0	wszystko OK	NIE	NIE						
sierści wielbłądziej	[0. 1.]	wszystko OK	NIE	NIE						
silikonowej gumce	1.0	wszystko OK	NIE	NIE						
sinusoidzie aproksymowanej	1.0	wszystko OK	NIE	NIE						
skarga paulińska	1.0	błąd - literówka								
sklepach muzycznych	0.0	wszystko OK	NIE	NIE						
skład zespołu	[0. 1.]	wszystko OK	NIE	NIE						
sobotniego wieczoru	0.0	wszystko OK	NIE	NIE						
spastyczny czterokończynowy	0.0	urwana fraza								
splotu barkowego	1.0	wszystko OK	TAK	TAK						
sporządzenie dokumentacji	0.0	wszystko OK	NIE	NIE						
sposób zapewniający	0.0	urwana fraza								
spółgłoskach bezdźwięcznych	1.0	wszystko OK	TAK	TAK						
spółką holdingową	[0. 1.]	wszystko OK	TAK	TAK						
sprawowania pieczy	0.0	wszystko OK	NIE	NIE						
sprzedający homary	0.0	wszystko OK	NIE	NIE						
standard życia	0.0	wszystko OK	NIE	NIE						
stawiania czoła	0.0	wszystko OK	NIE	NIE						
stokłosa bezostna	1.0	wszystko OK	TAK	TAK						
stopy redyskontowej	[0. 1.]	wszystko OK	TAK	TAK						
strzępiastym przędziwem	0.0	wszystko OK	NIE	NIE						
stylistycznymi mariażami	0.0	wszystko OK	NIE	NIE						
sufragan krakowski	1.0	wszystko OK	NIE	NIE						
suma odpustowa	[0. 1.]	wszystko OK	NIE	NIE						
superwytrzymałej kanonierce	1.0	wszystko OK	NIE	NIE						
sycylijskiej mafii	[0. 1.]	wszystko OK	NIE	NIE						
symulacje komputerowe	0.0	wszystko OK	NIE	NIE						
systemie zmianowym	0.0	wszystko OK	NIE	NIE						
szafy kartotekowe	0.0	wszystko OK	NIE	NIE						
szarża husarii	1.0	wszystko OK	NIE	NIE						
szczelnej obudowie	1.0	wszystko OK	NIE	NIE						
szelfie kontynentalnym	0.0	wszystko OK	TAK	TAK						
szkiełku mikroskopowym	[0. 1.]	wszystko OK	NIE	NIE						
szlaków handlowych	0.0	wszystko OK	NIE	NIE						
szlarką perkalu	1.0	urwana fraza								
sztukaterii elewacyjnej	0.0	wszystko OK	NIE	RACZEJ NIE						
sztukaterii gipsowej	[0. 1.]	wszystko OK	NIE	RACZEJ NIE						
szum morza	[0. 1.]	wszystko OK	NIE	NIE						
szybciej pojmują	0.0	wszystko OK	NIE	NIE						
szyfr polialfabetyczny	[0. 1.]	wszystko OK	TAK	TAK						
ślepej kurze	1.0	urwana fraza	NIE	NIE	trafić się jak ślepej kurze ziarno					
śluzowej macicy	1.0	urwana fraza	NIE	NIE	błona śluzowa macicy					
śluzówki macicy	1.0	wszystko OK	NIE	TAK	śluzówka = błona śluzowa					
śpiączki cukrzycowej	1.0	wszystko OK	TAK	TAK						
światowym potentatem	0.0	wszystko OK	NIE	NIE						
świętowania jubileuszu	0.0	wszystko OK	NIE	NIE						
tablice informujące	0.0	wszystko OK	NIE	NIE						
tego materiału	0.0	wszystko OK	NIE	NIE						
ten parametr	0.0	wszystko OK	NIE	NIE						
terapia taktylna	0.0	wszystko OK	TAK	TAK						
termokurcza kozikiem	0.0	błąd - niegramatyczna fraza								
testy owulacyjne	0.0	wszystko OK	NIE	RACZEJ NIE						
tetrową pieluszką	[0. 1.]	wszystko OK	NIE	NIE						
tęgoryjec dwunastnicy	1.0	wszystko OK	TAK	TAK						
tętniaka aorty	1.0	wszystko OK	TAK	TAK						
tobago glazurowana	[0. 1.]	wszystko OK	NIE	RACZEJ NIE						
tolerancji glukozy	0.0	wszystko OK	NIE	NIE						
torf kwaśny	[0. 1.]	wszystko OK	NIE	RACZEJ NIE						
trawy cytrynowej	[0. 1.]	wszystko OK	TAK	TAK						
trójboczną apsydą	[0. 1.]	wszystko OK	NIE	NIE						
trzon zespołu	1.0	wszystko OK	NIE	NIE						
tuczonego indora	0.0	wszystko OK	NIE	NIE						
ubiegłoroczny zwycięzca	0.0	wszystko OK	NIE	NIE						
ucinki lufy	1.0	wszystko OK	NIE	RACZEJ NIE						
ukąszenia komara	0.0	wszystko OK	NIE	NIE						
umorzenie egzekucji	0.0	wszystko OK	NIE	NIE						
uprawiania turystyki	0.0	wszystko OK	NIE	NIE						
uprzedniego powiadomienia	0.0	wszystko OK	NIE	NIE						
uprzedniej zgody	[0. 1.]	wszystko OK	NIE	NIE						
uroczystości beatyfikacyjne	[0. 1.]	wszystko OK	NIE	NIE						
ustalonej kwoty	0.0	wszystko OK	NIE	NIE						
ustawna kuchnia	0.0	wszystko OK	NIE	NIE						
usunięcia uchybień	0.0	wszystko OK	NIE	NIE						
wachcie kotwicznej	[0. 1.]	wszystko OK	NIE	NIE WIEM						
wapieni rogowcowych	[0. 1.]	wszystko OK	TAK	RACZEJ TAK						
warkocz zapleciony	0.0	wszystko OK	NIE	NIE						
wartę honorową	1.0	wszystko OK	NIE	NIE						
wartości dodanej	0.0	wszystko OK	NIE	NIE						
weksel in	[0. 1.]	błąd - niepolska zbitka wyrazów								
wełny owczej	[0. 1.]	wszystko OK	NIE	NIE						
wentylacji pomieszczeń	0.0	wszystko OK	NIE	NIE						
weryfikacji autentyczności	1.0	wszystko OK	NIE	NIE						
węzeł północny	1.0	deskrypcja określona			północny węzeł księżycowy					
węzłów księżycowych	[0. 1.]	wszystko OK	TAK	TAK						
wiązki laserowej	0.0	wszystko OK	NIE	NIE						
wielkoockiego komsomołu	[0. 1.]	wszystko OK	NIE	NIE						
wierzący niepraktykujący	[0. 1.]	wszystko OK	NIE	TAK	potoczne określenie					
wieży obserwacyjnej	[0. 1.]	wszystko OK	NIE	NIE						
wikariusz parafii	1.0	wszystko OK	NIE	NIE						
will send	1.0	błąd - niepolska zbitka wyrazów								
wkładek topikowych	0.0	wszystko OK	TAK	TAK						
wkładki usznej	1.0	wszystko OK	TAK	RACZEJ TAK						
włoskowate przylgi	1.0	wszystko OK	NIE	NIE						
wojsk okupacyjnych	[0. 1.]	wszystko OK	NIE	NIE						
wolnomularskiej obediencji	1.0	wszystko OK	NIE	NIE						
wózku inwalidzkim	1.0	wszystko OK	NIE	TAK						
wskórania dziewczysko	0.0	urwana fraza								
współczynnik emisyjności	[0. 1.]	wszystko OK	NIE	NIE						
współczynnik korelacji	[0. 1.]	wszystko OK	NIE	NIE						
współczynnik przewodności	1.0	wszystko OK	NIE	NIE						
współczynnik rozszerzalności	1.0	wszystko OK	NIE	NIE						
współczynnik umieralności	[0. 1.]	wszystko OK	NIE	NIE						
współofiara hitleryzmu	1.0	wszystko OK	NIE	NIE						
wszystkie dobra	0.0	wszystko OK	NIE	NIE						
wybłyskami estetyczności	0.0	błąd - niegramatyczna fraza								
wydobycie rud	0.0	wszystko OK	NIE	NIE						
wykupione mieszkanie	0.0	wszystko OK	NIE	NIE						
wylęknionych dziejopisarzy	0.0	wszystko OK	NIE	NIE						
wysokich urzędników	0.0	wszystko OK	NIE	NIE						
wysokopłatną fuchę	0.0	wszystko OK	NIE	NIE						
wystającą kryzą	[0. 1.]	wszystko OK	NIE	NIE						
wytatuowany harleyowiec	0.0	wszystko OK	NIE	NIE						
wzorze sumarycznym	1.0	wszystko OK	TAK	TAK						
zakonu kamedułów	1.0	wszystko OK	NIE	NIE						
zakres wiedzy	0.0	wszystko OK	NIE	NIE						
zastępczą karę	1.0	wszystko OK	NIE	NIE						
zasuwy rejestrowe	1.0	wszystko OK	TAK	TAK						
zatoki szczękowej	1.0	wszystko OK	TAK	TAK						
zbór baptystów	1.0	wszystko OK	NIE	NIE						
zbór ewangelicki	1.0	wszystko OK	NIE	NIE						
zbór protestancki	[0. 1.]	wszystko OK	NIE	NIE						
zdolności adaptacyjne	0.0	wszystko OK	NIE	NIE						
zdrojówka rutewkowata	0.0	wszystko OK	TAK	TAK						
zdziadziały ramol	0.0	wszystko OK	NIE	NIE						
zespołów bólowych	[0. 1.]	wszystko OK	TAK	RACZEJ TAK						
zespołu abstynencyjnego	1.0	wszystko OK	TAK	TAK						
zespołu akrobacyjnego	1.0	wszystko OK	NIE	NIE						
zespołu badawczego	[0. 1.]	wszystko OK	NIE	NIE						
zeszłoroczny śnieg	0.0	wszystko OK	NIE	NIE						
zewnętrzną nagrywarkę	0.0	wszystko OK	NIE	NIE						
zębodołu poekstrakcyjnego	1.0	wszystko OK	NIE	RACZEJ NIE						
zgłębnika żołądkowego	1.0	wszystko OK	TAK	TAK						
zhydrolizowana placenta	0.0	wszystko OK	NIE	RACZEJ NIE						
złamania kości	[0. 1.]	wszystko OK	NIE	RACZEJ NIE						
zmazy grzechowej	1.0	wszystko OK	NIE	NIE						
zmiany statutu	0.0	wszystko OK	NIE	NIE						
znanych muzyków	0.0	wszystko OK	NIE	NIE						
zubożonego uranu	[0. 1.]	wszystko OK	NIE	NIE						
zwalniak hydrostatyczny	0.0	wszystko OK	TAK	RACZEJ TAK						
żłóbka betlejemskiego	1.0	wszystko OK	NIE	NIE						
żółtaczki wszczepiennej	1.0	wszystko OK	TAK	TAK						
żydowskiego pochodzenia	[0. 1.]	wszystko OK	NIE	NIE						
żylaki przełyku	1.0	wszystko OK	TAK	TAK						
żyroskopowego myszo	[0. 1.]	urwana fraza								
2008 01	[0. 1.]	błąd - niewłaściwie rozpoznany typ strukturalny							non-MWLU	
sierpnia 2010	1.0	błąd - niewłaściwie rozpoznany typ strukturalny							non-MWLU	
1792 roku	1.0	błąd - niewłaściwie rozpoznany typ strukturalny							non-MWLU	
1886 roku	1.0	błąd - niewłaściwie rozpoznany typ strukturalny							non-MWLU	
1896 roku	1.0	błąd - niewłaściwie rozpoznany typ strukturalny							non-MWLU	
1942 roku	[0. 1.]	błąd - niewłaściwie rozpoznany typ strukturalny							non-MWLU	
aktor pierwszoplanowy	0.0	wszystko OK				NIE	NIE	TAK	non-MWLU	TAK
alergii pokarmowej	1.0	wszystko OK			https://www.mp.pl/pacjent/alergie/chorobyalergiczne/choroby/57574,alergia-pokarmowa https://ncez.pzh.gov.pl/choroba-a-dieta/co-warto-wiedziec-o-alergii-pokarmowej/ 	NIE	TAK	TAK	MWLU	
alfabetu hebrajskiego	[0. 1.]	wszystko OK				NIE	TAK	NIE	MWLU	TAK
aluminiowa konstrukcja	0.0	wszystko OK				NIE	NIE	TAK	non-MWLU	NIE
armii niemieckiej	[0. 1.]	wszystko OK				NIE	NIE	TAK	non-MWLU	TAK
belce tęczowej	[0. 1.]	wszystko OK			https://pl.wikipedia.org/wiki/Belka_t%C4%99czowa	NIE	TAK	NIE	MWLU	TAK
belek stropowych	[0. 1.]	wszystko OK				NIE	NIE	TAK	non-MWLU	TAK
bezczynność organu	1.0	wszystko OK				NIE	NIE	TAK	non-MWLU	NIE
bezdech śródsenny	1.0	wszystko OK			https://www.przegladokulistyczny.pl/bezdech_rdsenny_-_czynnik_ryzyka_jaskry	NIE	TAK	NIE	MWLU	TAK
bezinteresowna zawiść	1.0	wszystko OK				NIE	NIE	TAK	non-MWLU	NIE
bezpośredniego przełożonego	0.0	wszystko OK				NIE	NIE	TAK	non-MWLU	NIE
biegu jałowym	1.0	wszystko OK			https://www.smartdriver.pl/bieg-jalowy-co-oznaczaja-wolne-obroty-i-jazda-na-luzie	NIE	TAK	NIE	MWLU	TAK
bloków mieszkalnych	0.0	wszystko OK				NIE	TAK	TAK	MWLU	TAK
błędy wychowawcze	0.0	wszystko OK				NIE	NIE	TAK	non-MWLU	TAK
błonie międzykostnej	1.0	wszystko OK			in. membrana międzykostna	NIE	TAK	TAK	MWLU	TAK
bordiurą gronostajową	[0. 1.]	wszystko OK				NIE	NIE	TAK	non-MWLU	NIE
brabanckie korunki	[0. 1.]	błąd - niegramatyczna fraza			"""brabanckie korunki"" tylko u Słowackiego (Beniowski), u Lelewela pojawiają się ""korunki brabanckie"", natomiast współcześnie funkcjonuje tylko ""koronka brabancka""."				non-MWLU	NIE
bulli papieskiej	[0. 1.]	wszystko OK				NIE	TAK	TAK	MWLU	TAK
burej suce	1.0	wszystko OK				NIE	NIE	NIE	MWLU	NIE
całej gminy	0.0	wszystko OK				NIE	NIE	TAK	non-MWLU	NIE
ciśnienie gazu	0.0	wszystko OK				NIE	NIE	TAK	non-MWLU	NIE
części praktycznej	0.0	wszystko OK				NIE	NIE	TAK	non-MWLU	TAK
członków zespołu	1.0	wszystko OK				NIE	NIE	TAK	non-MWLU	NIE
czynników chemicznych	0.0	wszystko OK				NIE	NIE	TAK	non-MWLU	TAK
deplecji mitochondrialnej	1.0	wszystko OK				NIE	NIE	TAK	non-MWLU	TAK
długiego kija	0.0	wszystko OK				NIE	NIE	TAK	non-MWLU	NIE
dobre auto	0.0	wszystko OK				NIE	NIE	TAK	non-MWLU	NIE
drapane kurze	1.0	urwana fraza							non-MWLU	NIE
dwór książęcy	1.0	wszystko OK				NIE	NIE	TAK	non-MWLU	TAK
dwurzędowy magazynek	0.0	wszystko OK				NIE	NIE	TAK	non-MWLU	NIE
ekstynkcji międzygalaktycznej	1.0	wszystko OK			https://encyklopedia.pwn.pl/haslo/ekstynkcja-miedzygalaktyczna;3897150.html	NIE	TAK	TAK	MWLU	TAK
endoskopowej dysekcji	1.0	urwana fraza			https://www.michalspychalski.com/metody-leczenia/esd/				non-MWLU	NIE
etatowych pracowników	0.0	wszystko OK				NIE	NIE	TAK	non-MWLU	NIE
fidelis kościołowi	[0. 1.]	błąd - niepolska zbitka wyrazów							non-MWLU	NIE
galaktyk spiralnych	[0. 1.]	wszystko OK				NIE	TAK	NIE	MWLU	TAK
godzinach nadliczbowych	1.0	wszystko OK				NIE	NIE	TAK	non-MWLU	TAK
godziny odjazdu	[0. 1.]	wszystko OK				NIE	NIE	TAK	non-MWLU	NIE
gołębim sercu	[0. 1.]	wszystko OK				NIE	NIE	NIE	MWLU	NIE
grafie dwudzielnym	[0. 1.]	wszystko OK				NIE	TAK	TAK	MWLU	TAK
grodziach wodoszczelnych	0.0	wszystko OK			http://uriasz.am.szczecin.pl/prace_dyplomowe/leksykon/glowna/definicje/definicje/grodz_wodoszczelna.html	NIE	TAK	NIE	MWLU	TAK
gronostajowej mantyli	1.0	wszystko OK				NIE	NIE	TAK	non-MWLU	NIE
gruczołowej przysadki	1.0	urwana fraza			prawdopodobnie tkanka/część gruczołowa przysadki mózgowej				non-MWLU	NIE
guza kulszowego	1.0	wszystko OK				NIE	TAK	NIE	MWLU	TAK
gwardian klasztoru	1.0	wszystko OK				NIE	NIE	TAK	non-MWLU	NIE
gwintowaną lufą	1.0	wszystko OK				NIE	NIE	TAK	non-MWLU	NIE
honorowych krwiodawców	1.0	wszystko OK				NIE	NIE	TAK	non-MWLU	NIE
honorowym patronem	1.0	wszystko OK				NIE	NIE	TAK	non-MWLU	NIE
hydrolaz glikozydowych	[0. 1.]	wszystko OK			https://encyklopedia.pwn.pl/haslo/hydrolazy-glikozydowe;3913532.html	NIE	TAK	TAK	MWLU	TAK
instrukcja warunkowa	1.0	wszystko OK			http://www.algorytm.edu.pl/instrukcja-warunkowa.html ; http://pages.mini.pw.edu.pl/~porterj/mossakow/vba/instrukcje_warunkowe.html	NIE	TAK	NIE	MWLU	TAK
jelita nadwrażliwego	1.0	urwana fraza			zespół jelita nadwrażliwego				non-MWLU	TAK
języka hindi	[0. 1.]	wszystko OK				NIE	TAK	NIE	MWLU	NIE
kaletki maziowej	1.0	wszystko OK			https://fizjoterapeuty.pl/anatomia/kaletka-maziowa.html	NIE	TAK	NIE	MWLU	TAK
kalifatu kordobańskiego	0.0	wszystko OK			in, kalifat kordoby https://pl.wikipedia.org/wiki/Kalifat_Kordoby	NIE	TAK	NIE	MWLU	TAK
kalifów prawowiernych	1.0	wszystko OK			https://pl.wikipedia.org/wiki/Kalifowie_prawowierni	NIE	TAK	NIE	MWLU	TAK
kamienowania cudzołożników	1.0	wszystko OK				NIE	NIE	TAK	non-MWLU	NIE
kanalizacji ogólnospławnej	1.0	wszystko OK			https://www.wodkany.pl/systemy-kanalizacyjne-w-polsce/	TAK	TAK	NIE	MWLU	TAK
kapitan zespołu	[0. 1.]	wszystko OK				NIE	NIE	TAK	non-MWLU	NIE
klasztor paulinów	1.0	wszystko OK				NIE	NIE	TAK	non-MWLU	NIE
klasztor podominikański	1.0	wszystko OK				NIE	NIE	TAK	non-MWLU	TAK
klasztoru augustianów	1.0	wszystko OK				NIE	NIE	TAK	non-MWLU	NIE
klasztoru benedyktynek	1.0	wszystko OK				NIE	NIE	TAK	non-MWLU	NIE
klasztoru cysterskiego	1.0	wszystko OK				NIE	NIE	TAK	non-MWLU	TAK
klątwa ciążąca	[0. 1.]	wszystko OK				NIE	NIE	TAK	non-MWLU	TAK
kodowym oznaczeniu	1.0	wszystko OK				NIE	NIE	TAK	non-MWLU	NIE
kołnierz uszczelniający	0.0	wszystko OK				NIE	NIE	TAK	non-MWLU	TAK
komory fermentacyjnej	[0. 1.]	wszystko OK			https://crispan.pl/komory-fermentacyjne/	NIE	TAK	NIE	MWLU	TAK
kondukt pogrzebowy	1.0	wszystko OK				NIE	NIE	NIE	MWLU	NIE
konglomeratu kwarcowego	[0. 1.]	wszystko OK			https://www.muratorplus.pl/technika/wykonczenie-scian/konglomerat-kwarcowy-aa-f7JT-wZF6-SVcG.html	NIE	TAK	TAK	MWLU	TAK
konsumujących drobnomieszczan	[0. 1.]	wszystko OK				NIE	NIE	TAK	non-MWLU	NIE
kontraktom bezatutowym	[0. 1.]	wszystko OK				NIE	NIE	TAK	non-MWLU	TAK
kości gnykowej	1.0	wszystko OK				NIE	TAK	NIE	MWLU	TAK
kości łonowej	1.0	wszystko OK				NIE	TAK	TAK	MWLU	TAK
kości pluralistą	0.0	urwana fraza								
kości ramieniowej	[0. 1.]	wszystko OK			niepoprawna nazwa kości ramiennej	NIE	NIE	NIE	non-MWLU	TAK
kości ramiennej	[0. 1.]	wszystko OK			https://fizjoterapeuty.pl/uklad-kostny/kosc-ramienna.html	NIE	TAK	NIE	MWLU	TAK
kościoła dominikanów	1.0	wszystko OK				NIE	NIE	TAK	non-MWLU	NIE
kranówką zapewne.menda	[0. 1.]	błąd - niegramatyczna fraza								
kruszczyk rdzawoczerwony	0.0	wszystko OK			https://www.medianauka.pl/kruszczyk-rdzawoczerwony	NIE	TAK	NIE	MWLU	TAK
kwarantanny poszczepiennej	1.0	wszystko OK			inne konteksty: odczyn poszczepienny, objaw poszczepienny, ALE - kwarantanna poszczepienna dotyczy psów 	TAK	NIE	NIE	MWLU	TAK
kwarcu akwamarynowego	[0. 1.]	wszystko OK				NIE	NIE	NIE	non-MWLU	TAK
leiznę bazaltową	1.0	wszystko OK			https://pl.wikipedia.org/wiki/Leizna_bazaltowa	NIE	TAK	TAK	MWLU	TAK
logo marki	1.0	wszystko OK				NIE	NIE	TAK	non-MWLU	NIE
losy świata	0.0	wszystko OK				NIE	NIE	TAK	non-MWLU	NIE
łuszczarnie ryżu	1.0	wszystko OK				NIE	NIE	TAK	non-MWLU	NIE
macierzą nieosobliwą	[0. 1.]	wszystko OK			https://encyklopedia.pwn.pl/haslo/macierz-nieosobliwa;3935748.html	TAK	TAK	NIE	MWLU	TAK
macierzy zewnątrzkomórkowej	1.0	wszystko OK			https://www.vichy.pl/wersja-miedzynarodowa/laboratoria-vichy/macierz-pozakomorkowa-1cmp573.aspx	NIE	TAK	NIE	MWLU	TAK
mały chłopczyk	0.0	wszystko OK				NIE	NIE	TAK	non-MWLU	NIE
metaplazji jelitowej	1.0	wszystko OK			https://www.medonet.pl/zdrowie,metaplazja-jelitowa---objawy--leczenie,artykul,1732659.html	NIE	TAK	NIE	MWLU	TAK
mitologii sumeryjskiej	1.0	wszystko OK				NIE	NIE	TAK	non-MWLU	TAK
muzułmanizm hurysa	1.0	błąd - niegramatyczna fraza								
myjki wysokociśnieniowe	0.0	wszystko OK				NIE	NIE	TAK	non-MWLU	TAK
nadczynności przytarczyc	1.0	wszystko OK			https://onkolmed.pl/nadczynnosc-przytarczyc-objawy-i-leczenie	NIE	TAK	TAK	MWLU	NIE
nadpróbkowania uśredniającego	0.0	wszystko OK				NIE	NIE	TAK	non-MWLU	TAK
narkoza wziewna	1.0	wszystko OK				NIE	NIE	TAK	non-MWLU	TAK
narkozie iniekcyjnej	1.0	wszystko OK				NIE	NIE	TAK	non-MWLU	TAK
nawarskiego puebla	1.0	błąd - niepolska zbitka wyrazów								
niedoczynność nadnerczy	1.0	wszystko OK				NIE	TAK	TAK	non-MWLU	NIE
niehumanitarne traktowanie	0.0	wszystko OK				NIE	NIE	TAK	non-MWLU	NIE
nieprzeźroczystość jonosfery	1.0	wszystko OK				NIE	NIE	TAK	non-MWLU	NIE
niesekwencyjnej symultaniczności	1.0	wszystko OK				NIE	NIE	TAK	non-MWLU	NIE
niewielkim kosztem	0.0	wszystko OK				NIE	NIE	TAK	non-MWLU	NIE
niewłaściwa dieta	0.0	wszystko OK				NIE	NIE	TAK	non-MWLU	NIE
nocy polarnej	1.0	wszystko OK				NIE	TAK	NIE	MWLU	TAK
obłoku międzygwiazdowego	1.0	wszystko OK				NIE	TAK	TAK	MWLU	TAK
odlewów staliwnych	0.0	wszystko OK				NIE	NIE	TAK	non-MWLU	TAK
odstających małżowin	[0. 1.]	wszystko OK				NIE	NIE	TAK	non-MWLU	NIE
oktawie razkreślnej	[0. 1.]	wszystko OK				TAK	TAK	NIE	MWLU	TAK
orbicie okołosłonecznej	1.0	wszystko OK				NIE	NIE	TAK	non-MWLU	TAK
organ egzekucyjny	[0. 1.]	wszystko OK				NIE	NIE	TAK	non-MWLU	TAK
parafii prawosławnej	1.0	wszystko OK				NIE	NIE	TAK	non-MWLU	TAK
perfuzji dootrzewnowej	1.0	wszystko OK			http://onkologia-online.pl/dictionary/show/1936,perfuzja_dootrzewnowa	NIE	TAK	NIE	non-MWLU	TAK
pochówki ciałopalne	0.0	wszystko OK			https://pl.wikipedia.org/wiki/Pochówek_ciałopalny	NIE	TAK	NIE	MWLU	TAK
podsypce piaskowej	1.0	wszystko OK				NIE	NIE	TAK	non-MWLU	TAK
podwójnym gazie	[0. 1.]	wszystko OK				NIE	NIE	TAK	non-MWLU	NIE
pokrętło regulacji	0.0	wszystko OK				NIE	NIE	TAK	non-MWLU	NIE
polineuropatia cukrzycowa	1.0	wszystko OK			https://onkolmed.pl/skad-bierze-sie-polineuropatia-cukrzycowa	NIE	TAK	TAK	MWLU	TAK
powłoce cielesnej	1.0	wszystko OK				NIE	NIE	NIE	MWLU	TAK
półdzikiej suburbanizacji	1.0	wszystko OK				NIE	NIE	TAK	non-MWLU	NIE
prawej burcie	1.0	wszystko OK				NIE	NIE	TAK	non-MWLU	NIE
prędkościomierz wyskalowany	0.0	wszystko OK				NIE	NIE	TAK	non-MWLU	TAK
procesja rezurekcyjna	1.0	wszystko OK				TAK	NIE	TAK	MWLU	TAK
pryncypialności supranaturalizmem	[0. 1.]	błąd - niegramatyczna fraza								
przylepiec bezopatrunkowy	1.0	wszystko OK				NIE	NIE	TAK	non-MWLU	TAK
przyłożeniem pieczęci	1.0	wszystko OK				NIE	NIE	TAK	non-MWLU	NIE
rachunku prawdopodobieństwa	0.0	wszystko OK				NIE	TAK	NIE	MWLU	NIE
raz wtóry	1.0	urwana fraza								
renty.zus odmaga	[0. 1.]	urwana fraza								
retinopatii cukrzycowej	1.0	wszystko OK				NIE	TAK	NIE	MWLU	TAK
rozpocząć ekspansję	0.0	wszystko OK				NIE	NIE	TAK	non-MWLU	NIE
sadzonki pędowe	0.0	wszystko OK				NIE	NIE	TAK	non-MWLU	TAK
samym tytułem	1.0	wszystko OK				NIE	NIE	TAK	non-MWLU	NIE
sarkofagowej mensie	1.0	wszystko OK				NIE	NIE	TAK	non-MWLU	NIE
serwisie aukcyjnym	0.0	wszystko OK				NIE	NIE	NIE	MWLU	TAK
siedmioletniej dziewczynki	0.0	wszystko OK				NIE	NIE	TAK	non-MWLU	NIE
składaną kolbą	[0. 1.]	wszystko OK				NIE	NIE	TAK	non-MWLU	NIE
skrajna nieodpowiedzialność	[0. 1.]	wszystko OK				NIE	NIE	TAK	non-MWLU	NIE
skurcze macicy	1.0	wszystko OK				NIE	NIE	TAK	non-MWLU	NIE
soku żołądkowego	1.0	wszystko OK				NIE	NIE	TAK	non-MWLU	TAK
solennej wotywie	1.0	wszystko OK				NIE	NIE	TAK	non-MWLU	NIE
soli fizjologicznej	1.0	wszystko OK				NIE	TAK	NIE	MWLU	TAK
spadkobierczyni testamentowa	1.0	wszystko OK				NIE	NIE	TAK	non-MWLU	TAK
spędzenie wakacji	0.0	wszystko OK				NIE	NIE	TAK	non-MWLU	NIE
spirytusem salicylowym	1.0	wszystko OK				TAK	TAK	NIE	MWLU	TAK
spłuczką podtynkową	1.0	wszystko OK				NIE	NIE	TAK	non-MWLU	TAK
stonka ziemniaczana	0.0	wszystko OK				NIE	TAK	NIE	MWLU	TAK
stosunku prawnego	0.0	wszystko OK			https://pl.wikipedia.org/wiki/Stosunek_prawny	NIE	TAK	TAK	MWLU	TAK
strefie przygranicznej	0.0	wszystko OK			ALE! strefa nadgraniczna może już być wjl	NIE	NIE	TAK	non-MWLU	TAK
stumiliardowej wata	[0. 1.]	urwana fraza								
subdiakon przyklęka	1.0	wszystko OK				NIE	NIE	TAK	non-MWLU	NIE
sucharki bezcukrowe	1.0	wszystko OK				NIE	NIE	TAK	non-MWLU	TAK
szarża ułańska	1.0	wszystko OK				NIE	NIE	TAK	non-MWLU	NIE
szef zespołu	[0. 1.]	wszystko OK				NIE	NIE	TAK	non-MWLU	NIE
sześciopunktowe prowadzenie	0.0	wszystko OK				NIE	NIE	TAK	non-MWLU	NIE
śpiewu gregoriańskiego	0.0	wszystko OK				NIE	NIE	NIE	MWLU	TAK
średniopłat wolnonośny	1.0	wszystko OK				NIE	NIE	TAK	non-MWLU	TAK
takie zestawienie	0.0	wszystko OK				NIE	NIE	TAK	non-MWLU	NIE
tamie bobrowej	[0. 1.]	wszystko OK				NIE	NIE	TAK	non-MWLU	TAK
tęgie głowy	0.0	wszystko OK				NIE	NIE	NIE	MWLU	NIE
tłuszczaka wewnątrzkanałowego	1.0	wszystko OK				NIE	NIE	TAK	non-MWLU	TAK
tort bezowy	[0. 1.]	wszystko OK				NIE	NIE	TAK	non-MWLU	TAK
towaru zgodnego	[0. 1.]	wszystko OK				NIE	NIE	TAK	non-MWLU	TAK
uchyłków przełyku	1.0	wszystko OK				NIE	TAK	TAK	MWLU	NIE
uczestników postępowania	0.0	wszystko OK				NIE	NIE	TAK	non-MWLU	NIE
układzie inercjalnym	[0. 1.]	wszystko OK				TAK	TAK	TAK	MWLU	TAK
uniżoną supliką	1.0	wszystko OK				NIE	NIE	TAK	non-MWLU	NIE
uprzęży wspinaczkowej	1.0	wszystko OK				NIE	NIE	TAK	non-MWLU	TAK
uroczystościach kościelnych	0.0	wszystko OK				NIE	NIE	TAK	non-MWLU	TAK
uświadomienie seniorom	0.0	wszystko OK				NIE	NIE	TAK	non-MWLU	NIE
van der	1.0	błąd - niepolska zbitka wyrazów								
watowaną jubkę	[0. 1.]	błąd - niegramatyczna fraza			"jubka to prawdopodobnie kontaminacja ""jupki"" i ""szubki"""					
widzenia obuocznego	[0. 1.]	wszystko OK				NIE	NIE	TAK	non-MWLU	TAK
wierzchem dłoni	0.0	wszystko OK				NIE	NIE	TAK	non-MWLU	NIE
wieży zamkowej	[0. 1.]	wszystko OK				NIE	NIE	TAK	non-MWLU	TAK
winodań abisyńska	[0. 1.]	wszystko OK				NIE	TAK	NIE	MWLU	TAK
wizytowania parafii	1.0	wszystko OK				NIE	NIE	TAK	non-MWLU	NIE
wkroczeniu wojsk	1.0	wszystko OK				NIE	NIE	TAK	non-MWLU	NIE
właściwą odpowiedź	0.0	wszystko OK				NIE	NIE	TAK	non-MWLU	NIE
włoskiego zespołu	1.0	wszystko OK				NIE	NIE	TAK	non-MWLU	NIE
wytrzymałej obudowie	1.0	wszystko OK				NIE	NIE	TAK	non-MWLU	NIE
wyżłów weimarskich	[0. 1.]	wszystko OK				NIE	TAK	NIE	MWLU	TAK
zadłużenie czynszowe	0.0	wszystko OK				NIE	NIE	TAK	non-MWLU	TAK
zaprzysięgania brakarzy	[0. 1.]	wszystko OK				NIE	NIE	TAK	non-MWLU	NIE
zasadzie dobrowolności	1.0	wszystko OK				NIE	NIE	TAK	non-MWLU	NIE
zbór kalwiński	1.0	wszystko OK				NIE	TAK	NIE	MWLU	TAK
zerodowaną kuestą	1.0	wszystko OK				NIE	NIE	TAK	non-MWLU	NIE
zespół dworski	[0. 1.]	wszystko OK				NIE	NIE	NIE	MWLU	TAK
zespół pałacowy	1.0	wszystko OK				NIE	NIE	NIE	MWLU	TAK
zgniłego kompromisu	0.0	wszystko OK				NIE	NIE	NIE	MWLU	NIE
zgoda rodzica	[0. 1.]	wszystko OK				NIE	NIE	TAK	non-MWLU	NIE
zgodności interoperacyjnej	1.0	wszystko OK				NIE	NIE	NIE	MWLU	TAK
zielone oczy	0.0	wszystko OK				NIE	NIE	TAK	non-MWLU	NIE
zwieracza przełyku	1.0	urwana fraza			DOLNY zwieracz przełyku	NIE	NIE	TAK	non-MWLU	NIE
żup solnych	1.0	wszystko OK				NIE	NIE	NIE	MWLU	TAK
2007 01	1.0	błąd - niewłaściwie rozpoznany typ strukturalny							non-MWLU	
maja 2013	0.0	błąd - niewłaściwie rozpoznany typ strukturalny							non-MWLU	
11 sierpnia	0.0	błąd - niewłaściwie rozpoznany typ strukturalny							non-MWLU	
13 grudnia	[0. 1.]	błąd - niewłaściwie rozpoznany typ strukturalny							non-MWLU	
1 raz	1.0	błąd - niewłaściwie rozpoznany typ strukturalny							non-MWLU	
13 mikrona	[0. 1.]	błąd - niewłaściwie rozpoznany typ strukturalny							non-MWLU	
1618 antyhabsburski	1.0	błąd - niewłaściwie rozpoznany typ strukturalny							non-MWLU	
1938 roku	1.0	błąd - niewłaściwie rozpoznany typ strukturalny							non-MWLU	
4 etatu	0.0	błąd - niewłaściwie rozpoznany typ strukturalny							non-MWLU	
administratorem parafii	1.0	wszystko OK				NIE	NIE	TAK	non-MWLU	
akcji ratowania	0.0	urwana fraza							non-MWLU	
album grupy	0.0	urwana fraza							non-MWLU	
alfabetem niełacińskim	[0. 1.]	wszystko OK				NIE	TAK	NIE	MWLU	TAK
alfabetów odłacińskich	1.0	błąd - literówka			literówka i urwana fraza 				non-MWLU	
amba fatima	[0. 1.]	błąd - niepolska zbitka wyrazów							non-MWLU	
analizy sytuacji	0.0	wszystko OK				NIE	NIE	TAK	non-MWLU	NIE
armii austriackiej	[0. 1.]	wszystko OK				NIE	NIE	NIE	non-MWLU	TAK
assemblage korsykański	1.0	błąd - niepolska zbitka wyrazów							non-MWLU	
balans bolidu	1.0	wszystko OK				NIE	NIE	TAK	non-MWLU	NIE
bekas dubelt	[0. 1.]	wszystko OK			ptak	NIE	TAK	TAK	MWLU	NIE
bomu spinakera	1.0	błąd - niegramatyczna fraza			osobno 'bom', 'spinakerbom' = termin, z niderlandzkiego	NIE	NIE		non-MWLU	
born in	1.0	błąd - niepolska zbitka wyrazów							non-MWLU	
brak zgody	[0. 1.]	wszystko OK				NIE	NIE	TAK	non-MWLU	NIE
budowla jednonawowa	0.0	wszystko OK				NIE	NIE	TAK	non-MWLU	TAK
bulli papieża	[0. 1.]	urwana fraza			którego?				non-MWLU	
całego przedsięwzięcia	0.0	wszystko OK				NIE	NIE	TAK	non-MWLU	TAK
celofanowy woreczek	0.0	wszystko OK				NIE	NIE	TAK	non-MWLU	TAK
ciąży mnogiej	1.0	wszystko OK				NIE	TAK	NIE	MWLU	TAK
cienkie paski	0.0	wszystko OK				NIE	NIE	TAK	non-MWLU	TAK
cyrkulację krwi	1.0	wszystko OK				NIE	NIE	TAK	non-MWLU	NIE
cystotomii nadłonowej	[0. 1.]	błąd - literówka			Znalazłam 'cystostomia nadłonowa'				non-MWLU	
czuły punkt	1.0	wszystko OK				NIE	NIE	NIE	MWLU	TAK
destylacja azeotropowa	1.0	wszystko OK				NIE	TAK	TAK	MWLU	TAK
dnia 13	[0. 1.]	błąd - niewłaściwie rozpoznany typ strukturalny							non-MWLU	
dnia 19	1.0	błąd - niewłaściwie rozpoznany typ strukturalny							non-MWLU	
drodze wylotowej	[0. 1.]	wszystko OK				NIE	NIE	TAK	non-MWLU	TAK
drugośniadaniową bułą	1.0	wszystko OK				NIE	NIE	TAK	non-MWLU	TAK
dysponowania nieruchomością	0.0	wszystko OK				NIE	NIE	TAK	non-MWLU	NIE
dyzenterię cesarzewicza	[0. 1.]	urwana fraza			zapewne chodzi o czerwonkę u któregoś z rosyjskich następców tronu... 				non-MWLU	
dziecięcych marzeń	0.0	wszystko OK				NIE	NIE	TAK	non-MWLU	TAK
dziesięcioletnie doświadczenie	0.0	wszystko OK				NIE	NIE	TAK	non-MWLU	TAK
eposie homeryckim	1.0	wszystko OK				NIE	TAK	TAK	MWLU	TAK
flamandzcy separatyści	1.0	wszystko OK				NIE	NIE	TAK	non-MWLU	TAK
funduszu udziałowego	1.0	wszystko OK				NIE	TAK	TAK	MWLU	TAK
futura 2345	1.0	błąd - niewłaściwie rozpoznany typ strukturalny							non-MWLU	
głównym ołtarzu	0.0	wszystko OK				NIE	NIE	TAK	non-MWLU	TAK
godzinie 13	1.0	błąd - niewłaściwie rozpoznany typ strukturalny							non-MWLU	
grota solna	1.0	wszystko OK				NIE	NIE	TAK	non-MWLU	TAK
guza potylicznego	[0. 1.]	wszystko OK			doraźne metaforyczne	NIE	NIE	TAK	non-MWLU	TAK
hamowni podwoziowej	1.0	wszystko OK			magazyny o samochodach + hamownia - Encyklopedia PWN - źródło wiarygodnej i rzetelnej wiedzy	NIE	NIE	TAK	non-MWLU	TAK
hipoteki kaucyjnej	1.0	wszystko OK				NIE	TAK	NIE	MWLU	TAK
hodowli karmowej	1.0	wszystko OK				NIE	NIE	TAK	non-MWLU	TAK
hubary saharyjskiej	1.0	wszystko OK				NIE	TAK	TAK	MWLU	TAK
ilorazu pochodnych	1.0	urwana fraza			pochodna ilorazu funkcji	NIE			non-MWLU	
ilością paliwa	0.0	wszystko OK				NIE	NIE	TAK	non-MWLU	NIE
in.ze wg.na	[0. 1.]	błąd - niewłaściwie rozpoznany typ strukturalny							non-MWLU	
interpolacji dwukwadratowej	1.0	wszystko OK				NIE	TAK	NIE	MWLU	TAK
jedna rzecz	0.0	wszystko OK				NIE	NIE	TAK	non-MWLU	TAK
jęczmienia słodowego	0.0	wszystko OK				NIE	NIE	TAK	non-MWLU	TAK
języku arabskim	[0. 1.]	wszystko OK				NIE	TAK	NIE	MWLU	TAK
języku aramejskim	[0. 1.]	wszystko OK				NIE	TAK	NIE	MWLU	TAK
kaletką podbarkową	1.0	wszystko OK			anatomia	NIE	TAK	NIE	MWLU	TAK
kędzierzawej czuprynie	[0. 1.]	wszystko OK				NIE	NIE	TAK	non-MWLU	TAK
klasztor bernardynów	1.0	wszystko OK				NIE	NIE	TAK	non-MWLU	NIE
klasztoru franciszkanów	1.0	wszystko OK				NIE	NIE	TAK	non-MWLU	NIE
klawiatura brajlowska	1.0	wszystko OK			brajlowski' potoczne, por. pismo Braille'a	NIE	NIE	TAK	non-MWLU	TAK
kod aktywacyjny	[0. 1.]	wszystko OK				NIE	NIE	TAK	non-MWLU	TAK
kolonia zuchowa	0.0	wszystko OK				NIE	NIE	TAK	non-MWLU	TAK
kołem polarnym	1.0	wszystko OK			inaczej koło podbiegunowe	NIE	TAK	TAK	MWLU	TAK
komora bezechowa	[0. 1.]	wszystko OK				NIE	TAK	TAK	MWLU	TAK
komosy ryżowej	1.0	wszystko OK			gatunek komosy(en)	NIE	TAK	TAK	MWLU	TAK
kompatybilności elektromagnetycznej	1.0	wszystko OK				NIE	TAK	NIE	MWLU	TAK
kontroli rodzicielskiej	[0. 1.]	wszystko OK				NIE	NIE	TAK	non-MWLU	TAK
końca rundy	0.0	wszystko OK				NIE	NIE	TAK	non-MWLU	NIE
kopułę obserwacyjną	1.0	wszystko OK				NIE	NIE	TAK	non-MWLU	TAK
koralowców rafotwórczych	1.0	wszystko OK			preferowana pewnie 'koralowiec rafotwórczy', ale wychodzi na to samo.	NIE	TAK	TAK	MWLU	TAK
kości nosowej	1.0	wszystko OK			w zasadzie sitowa, anatomia	NIE	TAK	TAK	MWLU	TAK
kości piętowej	1.0	wszystko OK			guz piętowy	NIE	TAK	TAK	MWLU	TAK
krwi pępowinowej	1.0	wszystko OK				NIE	TAK	TAK	MWLU	TAK
kuwerturze kurzącej	1.0	urwana fraza							non-MWLU	
lewym kolanie	1.0	wszystko OK				NIE	NIE	TAK	non-MWLU	TAK
ludzkiej krwi	[0. 1.]	wszystko OK				NIE	NIE	TAK	non-MWLU	TAK
luzów zaworowych	[0. 1.]	wszystko OK				NIE	NIE	TAK	non-MWLU	TAK
łańcuch węglowodorowy	[0. 1.]	wszystko OK				NIE	NIE	TAK	non-MWLU	TAK
łykowatej koźliny	1.0	wszystko OK				NIE	NIE	TAK	non-MWLU	TAK
materii międzygwiazdowej	[0. 1.]	wszystko OK			EPWN	NIE	TAK	TAK	MWLU	TAK
mączki wapiennej	1.0	wszystko OK				NIE	NIE	TAK	non-MWLU	TAK
medycynie ludowej	0.0	wszystko OK				NIE	NIE	TAK	non-MWLU	TAK
mrugnięcie powieką	[0. 1.]	wszystko OK				NIE	NIE	TAK	non-MWLU	NIE
muru oporowego	1.0	wszystko OK			epwn	NIE	TAK	TAK	MWLU	TAK
nabłonka pochwy	[0. 1.]	wszystko OK				NIE	NIE	TAK	non-MWLU	NIE
naczyniopochodnego korowego	1.0	błąd - literówka			zabrakło przecinka, mowa zapewne o zespole otępiennym				non-MWLU	
niechasydzkie jesziwy	1.0	wszystko OK			sama jesziwa, chasydyzm są terminami, ale tutaj...? 	NIE			non-MWLU	TAK
niedokrwiennej serca	[0. 1.]	urwana fraza			choroba'				non-MWLU	
niedrożności pooperacyjnej	1.0	wszystko OK			może być czegokolwiek	NIE	NIE	TAK	non-MWLU	TAK
normalne funkcjonowanie	0.0	wszystko OK				NIE	NIE	TAK	non-MWLU	TAK
odcisk pieczęci	1.0	wszystko OK				NIE	NIE	TAK	non-MWLU	NIE
oficera armii	1.0	wszystko OK				NIE	NIE	TAK	non-MWLU	TAK
oficjalnym forum	0.0	wszystko OK				NIE	NIE	TAK	non-MWLU	TAK
określonych sytuacjach	0.0	wszystko OK				NIE	NIE	TAK	non-MWLU	TAK
oksydazy polifenolowej	1.0	wszystko OK				NIE	TAK	NIE	MWLU	TAK
okupacji niemieckiej	1.0	wszystko OK				NIE	NIE	TAK	non-MWLU	TAK
opłata egzekucyjna	1.0	wszystko OK			prawo, administracja	NIE	TAK	NIE	MWLU	TAK
opłaty prolongacyjnej	1.0	wszystko OK			prawo, administracja	NIE	TAK	TAK	MWLU	TAK
opłaty sądowej	1.0	wszystko OK			Sądowe ePłatności - Sądowe opłaty online (ms.gov.pl)	NIE	TAK	TAK	MWLU	TAK
opornica suwakowa	1.0	wszystko OK			fizyka	NIE	TAK	NIE	MWLU	TAK
oporności wielolekowej	1.0	wszystko OK				NIE	NIE	TAK	non-MWLU	TAK
orbicie geostacjonarnej	1.0	wszystko OK				NIE	TAK	NIE	MWLU	TAK
orbicie kołowej	1.0	wszystko OK			fizyka	NIE	TAK	NIE	MWLU	TAK
osoka aloesowa	1.0	błąd - literówka			aloesowata'				non-MWLU	
owczarek kaukaski	[0. 1.]	wszystko OK				NIE	TAK	TAK	MWLU	TAK
owczarka szwajcarskiego	1.0	wszystko OK			Uwaga na rasy psów, niewiele znajdziemy w encyklopedii, warto korzystać z klasyfikacji FCI i magazynów dla psiarzy	NIE	TAK	TAK	MWLU	TAK
owoców cytrusowych	0.0	wszystko OK			termin 'cytrusowe rosliny'	NIE	NIE	TAK	non-MWLU	TAK
parafii pw	1.0	urwana fraza							non-MWLU	
paserkę nieumyślną	1.0	błąd - niegramatyczna fraza			kolejność przydawki...				non-MWLU	
personelu pomocniczego	[0. 1.]	wszystko OK				NIE	NIE	TAK	non-MWLU	TAK
pico bello	[0. 1.]	błąd - niepolska zbitka wyrazów			pico bello' jest niepolskie, jednak w polszczyźnie używane - stwierdzam jednak, że nie powinno się znaleźć na liście (osobiście pierwszy raz to usłyszałam w Belgii). 				non-MWLU	
piłki plażowej	0.0	wszystko OK				NIE	NIE	TAK	non-MWLU	
pl.comp.dtp igor	[0. 1.]	błąd - niewłaściwie rozpoznany typ strukturalny							non-MWLU	
płaszczyźnie poziomej	[0. 1.]	wszystko OK			anatomia, sama 'plaszczyzna' def. w matematyce. 	NIE	TAK	TAK	MWLU	
płomienny romans	0.0	wszystko OK				NIE	NIE	TAK	non-MWLU	TAK
pobożności maryjnej	[0. 1.]	wszystko OK				NIE	NIE	TAK	non-MWLU	TAK
pochodzenia wulkanicznego	1.0	wszystko OK				NIE	NIE	TAK	non-MWLU	TAK
podpinką polarową	1.0	wszystko OK				NIE	NIE	TAK	non-MWLU	TAK
pola magnetycznego	1.0	wszystko OK				NIE	TAK	NIE	MWLU	TAK
populistyczne hasła	0.0	wszystko OK				NIE	NIE	TAK	non-MWLU	TAK
posrebrzana obrączka	1.0	wszystko OK				NIE	NIE	TAK	non-MWLU	TAK
postawiona poprzeczka	[0. 1.]	urwana fraza			wysoko postawiona...'				non-MWLU	
pozbawioną sensu	0.0	wszystko OK				NIE	NIE	TAK	non-MWLU	NIE
poziom wykształcenia	0.0	wszystko OK				NIE	NIE	TAK	non-MWLU	NIE
półkuli północnej	[0. 1.]	wszystko OK				NIE	TAK	TAK	MWLU	TAK
pracownika socjalnego	0.0	wszystko OK				NIE	NIE	TAK	non-MWLU	TAK
projektu systemowego	0.0	wszystko OK			Czym jest projekt systemowy? - Ministerstwo Spraw Wewnętrznych i Administracji Instytucja Pośrednicząca - Portal Gov.pl (www.gov.pl)	NIE	TAK	NIE	MWLU	TAK
przeglądami zgodnie	[0. 1.]	urwana fraza							non-MWLU	
przekręceniu kluczyka	1.0	wszystko OK				NIE	NIE	TAK	non-MWLU	NIE
przetarg ustny	0.0	wszystko OK			inaczej licytacja, prawo	NIE	TAK	TAK	MWLU	TAK
przymkniętych powiek	1.0	wszystko OK				NIE	NIE	TAK	non-MWLU	TAK
rastafariańskiej meduzy	1.0	wszystko OK				NIE	NIE	TAK	non-MWLU	TAK
realne możliwości	0.0	wszystko OK				NIE	NIE	TAK	non-MWLU	TAK
regresja reinkarnacyjna	0.0	wszystko OK			hipnoza	NIE	TAK	NIE	MWLU	TAK
roku 2010	1.0	błąd - niewłaściwie rozpoznany typ strukturalny							non-MWLU	
rozbitego samochodu	0.0	wszystko OK				NIE	NIE	TAK	non-MWLU	TAK
rozcięgna dłoniowego	[0. 1.]	wszystko OK			anatomia	NIE	TAK	NIE	MWLU	TAK
rozwodu rodziców	[0. 1.]	wszystko OK				NIE	NIE	TAK	non-MWLU	NIE
sadu apelacyjnego	1.0	błąd - literówka							non-MWLU	
salingiem fokmasztu	1.0	wszystko OK			żegl. hol.	NIE	TAK	NIE	MWLU	NIE
salingiem grotmasztu	[0. 1.]	wszystko OK			żegl. hol.	NIE	TAK	NIE	MWLU	NIE
samiczego mklika	[0. 1.]	urwana fraza			mklik mączny, ale nie samiczy; https://encyklopedia.pwn.pl/szukaj/mklik%20m%C4%85czny.html				non-MWLU	
serek mascarpone	1.0	wszystko OK				TAK	NIE	TAK	non-MWLU	NIE
skargi kasacyjnej	[0. 1.]	wszystko OK			prawo, adm	NIE	TAK	NIE	MWLU	TAK
skazy moczanowej	1.0	wszystko OK			inaczej dna	NIE	TAK	NIE	MWLU	TAK
skoliozę lewowypukłą	[0. 1.]	wszystko OK				NIE	TAK	NIE	MWLU	TAK
soczewki asferyczne	[0. 1.]	wszystko OK			fizyka, optyka	TAK	TAK	NIE	MWLU	TAK
sondy lambda	[0. 1.]	wszystko OK				NIE	TAK	NIE	MWLU	NIE
stosunków międzyludzkich	0.0	wszystko OK				NIE	NIE	TAK	non-MWLU	TAK
studni wodomierzowej	1.0	wszystko OK				NIE	NIE	TAK	non-MWLU	TAK
sur le	1.0	błąd - niepolska zbitka wyrazów							non-MWLU	
syropem klonowym	[0. 1.]	wszystko OK				NIE	NIE	TAK	non-MWLU	TAK
szalupie ratunkowej	1.0	wszystko OK			szalupa epwn	NIE	TAK	NIE	MWLU	TAK
szarozębowej ścieżynie	1.0	urwana fraza							non-MWLU	
szkła weneckiego	1.0	wszystko OK			weneckie szkło, szkło artystyczne	NIE	TAK	TAK	MWLU	TAK
szpicy monococku	1.0	błąd - niepolska zbitka wyrazów							non-MWLU	
szylinga kenijskiego	1.0	wszystko OK				NIE	TAK	NIE	MWLU	TAK
teorii poznania	0.0	wszystko OK			filozofia poznania	NIE	TAK	TAK	MWLU	NIE
teorii spiskowych	0.0	wszystko OK				NIE	NIE	TAK	non-MWLU	TAK
tromboliza dotętnicza	1.0	wszystko OK			medycyna	NIE	TAK	NIE	MWLU	TAK
trójczłonową buławką	[0. 1.]	wszystko OK				NIE	TAK	NIE	MWLU	TAK
trupią czaszką	[0. 1.]	wszystko OK				NIE	NIE	TAK	non-MWLU	TAK
tunelu aerodynamicznym	1.0	wszystko OK				NIE	TAK	TAK	MWLU	TAK
tył bolidu	1.0	wszystko OK				NIE	NIE	TAK	non-MWLU	NIE
umrze albo	0.0	urwana fraza							non-MWLU	
urzędu konsularnego	1.0	wszystko OK			prawo	NIE	TAK	TAK	MWLU	TAK
uwagę to	0.0	urwana fraza							non-MWLU	
warstwę ochronną	0.0	wszystko OK				NIE	NIE	TAK	non-MWLU	TAK
wieży kontrolnej	[0. 1.]	wszystko OK				NIE	TAK	TAK	MWLU	TAK
win bordoskich	0.0	wszystko OK			EPWN	NIE	TAK	TAK	MWLU	TAK
wirującą obudową	1.0	wszystko OK				NIE	NIE	TAK	non-MWLU	TAK
worka spojówkowego	1.0	wszystko OK			spojówka, medycyna, https://anatomia.wum.edu.pl/edu/czlek/czlekoko.htm	NIE	TAK	NIE	MWLU	TAK
wpłaceniu zaliczki	1.0	wszystko OK				NIE	NIE	TAK	non-MWLU	NIE
współczesnej literatury	0.0	wszystko OK			teoria literatury, epoka literacka - nie do końca gra kolejność przydawek, ale puszczam	NIE	TAK	TAK	MWLU	TAK
współczynnik inbredu	1.0	wszystko OK			https://encyklopedia.pwn.pl/haslo/inbred;3914460.html oraz https://pancogito.pl/wspolczynnik-inbredu/ 	TAK	TAK	NIE	MWLU	NIE
wszyscy zgromadzeni	0.0	wszystko OK				NIE	NIE	TAK	non-MWLU	NIE
wypożyczalnia rowerów	0.0	wszystko OK				NIE	NIE	TAK	non-MWLU	NIE
wypraw polarnych	1.0	wszystko OK				NIE	NIE	TAK	non-MWLU	TAK
wystrzelaniu 130000	1.0	błąd - niewłaściwie rozpoznany typ strukturalny							non-MWLU	
wywiadów telefonicznych	0.0	wszystko OK				NIE	NIE	TAK	non-MWLU	TAK
zabudowany balkon	0.0	wszystko OK				NIE	NIE	TAK	non-MWLU	TAK
zaczepienie bezetatowo	1.0	urwana fraza							non-MWLU	
zakonu augustianów	1.0	wszystko OK				NIE	NIE	TAK	non-MWLU	NIE
zakonu krzyżackiego	1.0	wszystko OK				NIE	NIE	TAK	non-MWLU	TAK
zakonu templariuszy	1.0	wszystko OK				NIE	NIE	TAK	non-MWLU	NIE
zakresie ubezpieczeń	0.0	wszystko OK				NIE	NIE	TAK	non-MWLU	NIE
załoga nawigatora	[0. 1.]	urwana fraza			prawdopodobnie chodzi o: https://szczecin.wyborcza.pl/szczecin/7,34939,716863.html  , tak czy inaczej urwana fraza lub nazwa własna				non-MWLU	
zamek baskwilowy	[0. 1.]	wszystko OK				NIE	NIE	TAK	non-MWLU	TAK
zamku krzyżackiego	1.0	wszystko OK				NIE	NIE	TAK	non-MWLU	TAK
zawodnik drużyny	0.0	wszystko OK				NIE	NIE	TAK	non-MWLU	NIE
zbór ariański	1.0	wszystko OK								TAK
zespół nadpobudliwości	1.0	urwana fraza			adhd					
żwirowej pułapce	1.0	wszystko OK			metafora	NIE	NIE	TAK	non-MWLU	TAK
życie towarzyskie	0.0	wszystko OK				NIE	NIE	TAK	non-MWLU	tak
sierpnia 2003	0.0	błąd - niewłaściwie rozpoznany typ strukturalny		NIE						
2006 01	[0. 1.]	błąd - niewłaściwie rozpoznany typ strukturalny		NIE						
grudnia 2008	0.0	błąd - niewłaściwie rozpoznany typ strukturalny		NIE						
2009 06	[0. 1.]	błąd - niewłaściwie rozpoznany typ strukturalny		NIE						
września 2010	1.0	błąd - niewłaściwie rozpoznany typ strukturalny		NIE						
13 stycznia	[0. 1.]	błąd - niewłaściwie rozpoznany typ strukturalny		NIE						
13 maja	[0. 1.]	błąd - niewłaściwie rozpoznany typ strukturalny		NIE						
13 września	[0. 1.]	błąd - niewłaściwie rozpoznany typ strukturalny		NIE						
19 września	[0. 1.]	błąd - niewłaściwie rozpoznany typ strukturalny		NIE						
11 października	0.0	błąd - niewłaściwie rozpoznany typ strukturalny		NIE						
1433 12.0.0.0	1.0	błąd - niewłaściwie rozpoznany typ strukturalny		NIE						
1791 roku	1.0	błąd - niewłaściwie rozpoznany typ strukturalny		NIE						
1795 roku	[0. 1.]	błąd - niewłaściwie rozpoznany typ strukturalny		NIE						
1810 roku	1.0	błąd - niewłaściwie rozpoznany typ strukturalny		NIE						
1897 roku	1.0	błąd - niewłaściwie rozpoznany typ strukturalny		NIE						
1902 roku	[0. 1.]	błąd - niewłaściwie rozpoznany typ strukturalny		NIE						
1930 roku	[0. 1.]	błąd - niewłaściwie rozpoznany typ strukturalny		NIE						
1933 roku	[0. 1.]	błąd - niewłaściwie rozpoznany typ strukturalny		NIE						
1934 roku	[0. 1.]	błąd - niewłaściwie rozpoznany typ strukturalny		NIE						
1969 roku	[0. 1.]	błąd - niewłaściwie rozpoznany typ strukturalny		NIE						
1979 roku	[0. 1.]	błąd - niewłaściwie rozpoznany typ strukturalny		NIE						
76 minucie	0.0	błąd - niewłaściwie rozpoznany typ strukturalny		NIE						
ablacji wewnątrzżylnej	1.0	wszystko OK	TAK	TAK						
ad absurdum	[0. 1.]	błąd - niepolska zbitka wyrazów		NIE						
ad rem	[0. 1.]	błąd - niepolska zbitka wyrazów		NIE						
adsorpcji nadkrytycznej	1.0	urwana fraza		NIE						
afera singapurska	[0. 1.]	deskrypcja określona								
afrykanek senegalskich	1.0	wszystko OK	TAK	TAK						
agunia bunia	[0. 1.]	deskrypcja określona			Małe litery, jednak wygląda na przezwisko. 					
alergii wziewnej	1.0	wszystko OK	TAK	RACZEJ TAK						
alfabetem arabskim	1.0	wszystko OK	TAK	RACZEJ TAK						
ante portas	0.0	błąd - niepolska zbitka wyrazów								
aorty brzusznej	1.0	wszystko OK	TAK	RACZEJ TAK						
baką policzkową	1.0	wszystko OK	NIE	RACZEJ NIE						
baon saperów	1.0	błąd - literówka			batalion?					
bardzo trudne	0.0	błąd - niewłaściwie rozpoznany typ strukturalny								
bardzo trudno	0.0	błąd - niewłaściwie rozpoznany typ strukturalny								
batalion saperów	1.0	wszystko OK	NIE	RACZEJ NIE						
baterie alkaliczne	1.0	wszystko OK	TAK	RACZEJ TAK	jest na wikipedii; alkaliczność chem. 					
baterie nabrzeżne	1.0	błąd - literówka			NADbrzeżna					
baterie umywalkowe	1.0	wszystko OK	NIE	NIE						
bazylice prymasowskiej	1.0	wszystko OK	NIE	RACZEJ NIE						
beczkowym wermutem	1.0	wszystko OK	TAK	RACZEJ TAK						
belgijski stoper	1.0	wszystko OK	NIE	NIE						
belkę skrętną	0.0	wszystko OK	TAK	RACZEJ TAK						
benzynę bezołowiową	1.0	wszystko OK	TAK	TAK						
bernikle obrożne	[0. 1.]	wszystko OK	TAK	TAK						
betlejemskiej grocie	[0. 1.]	wszystko OK	NIE	RACZEJ TAK	inaczej Grota Narodzenia, więc jednak termin					
bezczynności wierzyciela	1.0	wszystko OK	NIE	NIE						
bezkontaktowej koagulacji	1.0	wszystko OK	TAK	TAK						
bezołowiową cynę	[0. 1.]	wszystko OK	NIE	RACZEJ NIE						
bezprzewodowej łączności	0.0	wszystko OK	NIE	NIE						
białe prześcieradło	0.0	wszystko OK	NIE	NIE						
biopsji odciskowej	[0. 1.]	wszystko OK	TAK	TAK						
biseksualna punkówa	1.0	wszystko OK	NIE	NIE						
biurze zawodów	0.0	urwana fraza								
bluźnierczej dechrystianizacji	1.0	wszystko OK	NIE	NIE						
błoną pławną	[0. 1.]	wszystko OK	TAK	TAK						
błoną pływną	1.0	wszystko OK	TAK	TAK						
bojki dekompresyjnej	1.0	wszystko OK	NIE	NIE	potocznie o 'b. nurkowej'					
brama wjazdowa	[0. 1.]	wszystko OK	NIE	NIE						
broń maszynową	0.0	wszystko OK	NIE	NIE						
brudów łechczących	1.0	urwana fraza								
bruzdy międzymózgowej	0.0	wszystko OK	NIE	NIE	raczej bruzdy mózgu, przestrzeń międzymózgowa, zbyt potoczne					
bruździe podsutkowej	[0. 1.]	wszystko OK	TAK	TAK						
buddyjskiego klasztoru	1.0	wszystko OK	NIE	RACZEJ NIE						
bufet sałatkowy	1.0	wszystko OK	NIE	NIE						
buńczucznego zagrodowca	0.0	wszystko OK	NIE	NIE						
butli gazowej	1.0	wszystko OK	TAK	TAK						
butli tlenowej	1.0	wszystko OK	TAK	TAK						
casus belli	1.0	błąd - niepolska zbitka wyrazów		NIE						
cenzury prewencyjnej	1.0	wszystko OK	TAK	TAK						
certyfikat autentyczności	[0. 1.]	wszystko OK	NIE	NIE						
cesarstwa bizantyńskiego	0.0	wszystko OK	TAK	TAK						
cewki moczowej	1.0	wszystko OK	TAK	TAK						
chirurgii szczękowej	[0. 1.]	wszystko OK	TAK	TAK						
chłosta zbawienna	0.0	wszystko OK	NIE	NIE						
chuć swywolna	[0. 1.]	błąd - literówka			to nie literówka, a coś starszego, w każdym razie nie.					
ciąży wielopłodowej	1.0	wszystko OK	TAK	TAK						
ciemnej materii	0.0	wszystko OK	TAK	TAK						
ciężkie walki	0.0	wszystko OK	NIE	NIE						
comber jagnięcy	[0. 1.]	wszystko OK	NIE	NIE						
cyfra kontrolna	1.0	wszystko OK	TAK	TAK						
cyfry plus	1.0	urwana fraza								
dawnych czasach	0.0	wszystko OK	NIE	NIE						
diety proteinowej	1.0	wszystko OK	NIE	NIE						
dmuchanych dyfuzorów	0.0	wszystko OK	TAK	TAK						
dnia 09	1.0	błąd - niewłaściwie rozpoznany typ strukturalny								
dnia 20	0.0	błąd - niewłaściwie rozpoznany typ strukturalny								
dobrowolne poddanie	1.0	wszystko OK	NIE	NIE						
dokonywania potrąceń	0.0	wszystko OK	NIE	NIE						
doktryny katolickiej	0.0	wszystko OK	TAK	TAK						
drewna sosnowego	0.0	wszystko OK	TAK	TAK						
drobnej szlachty	0.0	wszystko OK	TAK	RACZEJ TAK						
drożną superskalarną	1.0	urwana fraza								
duże ryzyko	0.0	wszystko OK	NIE	NIE						
dwułukową skoliozę	[0. 1.]	wszystko OK	TAK	RACZEJ TAK						
dwunastoletni chłopiec	0.0	deskrypcja określona								
dwuuskokowych ościeżach	[0. 1.]	wszystko OK	TAK	RACZEJ TAK						
dysocjacji elektrolitycznej	1.0	wszystko OK	TAK	TAK						
dyspozytorka pogotowia	[0. 1.]	wszystko OK	NIE	NIE						
dyżurce pielęgniarskiej	1.0	wszystko OK	NIE	NIE						
dziesiątą rocznicę	0.0	wszystko OK	NIE	NIE						
dziewiąte miejsce	0.0	wszystko OK	NIE	NIE						
ekran pojemnościowy	0.0	wszystko OK	TAK	TAK						
elektroresekcji bipolarnej	1.0	wszystko OK	TAK	TAK						
eliptycznej orbicie	[0. 1.]	wszystko OK	TAK	TAK						
epidemii otyłości	0.0	wszystko OK	NIE	NIE						
erozji wąwozowej	1.0	wszystko OK	TAK	TAK						
erozji wgłębnej	1.0	wszystko OK	TAK	TAK						
erygowania parafii	[0. 1.]	wszystko OK	TAK	TAK						
facji dolinnej	1.0	wszystko OK	TAK	TAK						
fakturę proforma	[0. 1.]	błąd - niepolska zbitka wyrazów								
fizyki relatywistycznej	[0. 1.]	wszystko OK	TAK	TAK						
fokę obrączkowaną	1.0	wszystko OK	TAK	TAK						
fonemowi samogłoskowemu	1.0	wszystko OK	TAK	TAK						
fortów artyleryjskich	0.0	wszystko OK	NIE	NIE						
fourierowski falanster	[0. 1.]	deskrypcja określona								
fragment tekstu	0.0	wszystko OK	NIE	NIE						
funduszy strukturalnych	0.0	wszystko OK	NIE	NIE						
funkcjonariusza policji	1.0	wszystko OK	NIE	NIE						
furty klasztornej	1.0	wszystko OK	NIE	NIE						
galki ocznej	1.0	wszystko OK	NIE	NIE						
gęstniejącym mroku	0.0	wszystko OK	NIE	NIE						
głosie wstrzymującym	[0. 1.]	urwana fraza								
głośników średniotonowych	0.0	wszystko OK	NIE	NIE						
głupota tego	0.0	urwana fraza								
godzinach otwarcia	1.0	wszystko OK	NIE	NIE						
godzinie 10	[0. 1.]	błąd - niewłaściwie rozpoznany typ strukturalny								
godzinie 14	1.0	błąd - niewłaściwie rozpoznany typ strukturalny								
godzinie 7	1.0	błąd - niewłaściwie rozpoznany typ strukturalny								
godzinie 9	1.0	błąd - niewłaściwie rozpoznany typ strukturalny								
gorszej sytuacji	0.0	wszystko OK	NIE	NIE						
grocie betlejemskiej	1.0	nazwa własna								
grocie solnej	1.0	wszystko OK	NIE	NIE						
grona osób	0.0	wszystko OK	NIE	NIE						
gruczołów dokrewnych	1.0	wszystko OK	TAK	TAK						
gruczołów przytarczycznych	1.0	wszystko OK	TAK	TAK						
gruczołu sutkowego	1.0	wszystko OK	TAK	TAK						
gry symulacyjne	0.0	wszystko OK	NIE	NIE						
grzywny nałożonej	1.0	wszystko OK	NIE	NIE						
guzowatości piszczelowej	1.0	wszystko OK	TAK	TAK						
haploidalne zarodniki	0.0	wszystko OK	TAK	TAK						
harcerza orlego	0.0	wszystko OK	TAK	RACZEJ TAK						
harfie dziesięciostrunnej	[0. 1.]	wszystko OK	NIE	RACZEJ NIE						
heksogen flegmatyzowany	1.0	wszystko OK	TAK	TAK						
herb rodowy	[0. 1.]	wszystko OK	NIE	NIE						
hien cętkowanych	[0. 1.]	wszystko OK	TAK							
hiszpańskich konkwistadorów	[0. 1.]	wszystko OK	TAK	NIE WIEM	trochę pleonastyczne.					
hiszpańskiego klubu	[0. 1.]	wszystko OK	NIE	NIE						
honorowym członkiem	1.0	wszystko OK	NIE	NIE						
hydrolizy enzymatycznej	1.0	wszystko OK	TAK	RACZEJ TAK						
inny sprzęt	0.0	urwana fraza								
instytucji szkoleniowych	0.0	wszystko OK	NIE	NIE						
intensywne kolory	0.0	wszystko OK	NIE	NIE						
interglacjał pona	1.0	urwana fraza								
izolacji przeciwwilgociowej	0.0	wszystko OK	NIE	NIE						
jagnięcemu comberowi	[0. 1.]	wszystko OK	NIE	NIE						
jazdę próbną	0.0	wszystko OK	NIE	NIE						
jądra galaktyki	[0. 1.]	wszystko OK	TAK	RACZEJ TAK						
jestem gruba	0.0	błąd - niewłaściwie rozpoznany typ strukturalny								
jęczącą ślamazarę	[0. 1.]	wszystko OK	NIE	NIE						
kalendarzu liturgicznym	[0. 1.]	wszystko OK	TAK	RACZEJ TAK						
kamieniarstwie nagrobkowym	0.0	wszystko OK	NIE	NIE						
kamiennym cokole	0.0	wszystko OK	NIE	NIE						
kanale usznym	[0. 1.]	wszystko OK	NIE	NIE						
kanalizacji opadowej	1.0	wszystko OK	NIE	NIE						
kanalizacji opaskowej	[0. 1.]	wszystko OK	NIE	NIE	raczej drenaż opaskowy					
kapitału akcyjnego	1.0	wszystko OK	TAK	RACZEJ TAK						
karcie gwarancyjnej	0.0	wszystko OK	NIE	NIE						
kardiomiopatii cukrzycowej	1.0	wszystko OK	TAK	TAK						
karty dźwiękowej	0.0	wszystko OK	NIE	NIE						
kasata klasztoru	[0. 1.]	wszystko OK	TAK	TAK						
kawalkada nomadzka	[0. 1.]	wszystko OK	NIE	RACZEJ NIE						
kąt natarcia	0.0	wszystko OK	TAK	TAK						
kenozoiczny orogen	[0. 1.]	wszystko OK	TAK	TAK						
kissingera brzezinskiego	1.0	urwana fraza								
klapie bagażnika	1.0	wszystko OK	NIE	NIE						
klar glassy	[0. 1.]	nazwa własna								
klasie pośredniej	[0. 1.]	wszystko OK	TAK	RACZEJ TAK	wystawy psów 					
klasztor bazylianów	1.0	wszystko OK	NIE	RACZEJ NIE						
klasztor cysterek	[0. 1.]	wszystko OK	NIE	RACZEJ NIE						
klasztor dominikański	1.0	wszystko OK	NIE	RACZEJ NIE						
klasztornej furty	1.0	wszystko OK	NIE	NIE						
klasztorów klauzurowych	[0. 1.]	wszystko OK	NIE	RACZEJ NIE	zakon					
klasztoru dominikanów	1.0	wszystko OK	NIE	RACZEJ NIE						
klasztoru franciszkańskiego	1.0	wszystko OK	NIE	RACZEJ NIE						
klasztoru jasnogórskiego	1.0	deskrypcja określona								
klasztorze mogileńskim	1.0	deskrypcja określona								
klauzulę odkupu	1.0	wszystko OK	NIE	NIE						
klauzuli prolongacyjnej	[0. 1.]	wszystko OK	NIE	NIE						
klimacie tropikalnym	0.0	wszystko OK	NIE	NIE						
koadiutora archidiakonii	1.0	wszystko OK	TAK	TAK						
kochany tatuś	0.0	wszystko OK	NIE	NIE						
kod.po 182	1.0	błąd - niewłaściwie rozpoznany typ strukturalny								
kodyfikacji justyniańskiej	[0. 1.]	wszystko OK	TAK	RACZEJ TAK						
kolorze srebra	0.0	wszystko OK	NIE	NIE						
kolorze tapicerki	0.0	wszystko OK	NIE	NIE						
komora hibernacyjna	[0. 1.]	wszystko OK	NIE	NIE						
komory kriogenicznej	1.0	wszystko OK	TAK	TAK						
komorze hiperbarycznej	1.0	wszystko OK	TAK	TAK						
kompletnym idiotą	0.0	wszystko OK	NIE	NIE						
komunikacie prasowym	0.0	wszystko OK	NIE	NIE						
konferencji uczestniczyli	0.0	błąd - niewłaściwie rozpoznany typ strukturalny								
konfiturą morelową	1.0	wszystko OK	NIE	NIE						
konsekracji kościoła	1.0	wszystko OK	TAK	RACZEJ TAK						
konspiracja antysowiecka	[0. 1.]	wszystko OK	NIE	NIE						
kontemplacyjną afirmację	1.0	wszystko OK	TAK	RACZEJ TAK						
kopolimerem butadienu	1.0	wszystko OK	TAK	TAK						
kora przedczołowa	1.0	wszystko OK	TAK	TAK						
korba markizowa	1.0	wszystko OK	TAK	NIE WIEM						
korona lufy	[0. 1.]	wszystko OK	TAK	RACZEJ TAK						
korpusu dyplomatycznego	1.0	wszystko OK	TAK	TAK						
koryncki peripteros	1.0	wszystko OK	TAK	TAK						
kosza zasypowego	[0. 1.]	wszystko OK	NIE	NIE						
koszty prowadzenia	0.0	urwana fraza								
kości jarzmowej	1.0	wszystko OK	TAK	TAK						
kości kulszowej	1.0	wszystko OK	TAK	TAK						
kości skroniowej	1.0	wszystko OK	TAK	TAK						
kości udowej	[0. 1.]	wszystko OK	TAK	TAK						
kościołów protestanckich	[0. 1.]	wszystko OK	NIE	NIE						
kozioroga bukowca	1.0	wszystko OK	TAK	TAK						
kra kra	1.0	błąd - niewłaściwie rozpoznany typ strukturalny								
krewniackie dziadówki	0.0	wszystko OK	NIE	NIE	Reymont					
krótszym boku	0.0	wszystko OK	NIE	NIE						
krzyżówki międzygatunkowe	0.0	wszystko OK	NIE	NIE						
księża salezjanie	[0. 1.]	wszystko OK	NIE	NIE						
kwasu cytrynowego	[0. 1.]	wszystko OK	TAK	TAK						
kwaśnej buczyny	[0. 1.]	wszystko OK	TAK	TAK						
lakowa pieczęć	1.0	wszystko OK	NIE	NIE						
latach małżeństwa	0.0	wszystko OK	NIE	NIE						
lechie.widok zomo	1.0	błąd - niegramatyczna fraza								
legalizacji eutanazji	1.0	wszystko OK	NIE	NIE						
legat zahipotekowany	1.0	wszystko OK	TAK	TAK						
lekarz ortopeda	0.0	wszystko OK	NIE	NIE						
licytacji komorniczej	1.0	wszystko OK	TAK	RACZEJ TAK						
liczb wymiernych	0.0	wszystko OK	TAK	TAK						
licznej rodziny	0.0	wszystko OK	NIE	NIE						
lingua franca	1.0	błąd - niepolska zbitka wyrazów								
linii sortowniczej	0.0	wszystko OK	NIE	NIE						
lotu suborbitalnego	[0. 1.]	wszystko OK	TAK	TAK						
loży masońskiej	[0. 1.]	wszystko OK	NIE	NIE						
ludności prawosławnej	0.0	wszystko OK	NIE	NIE						
luku bagażowego	1.0	wszystko OK	NIE	NIE						
macicy perłowej	1.0	wszystko OK	TAK	TAK						
madryckiego zespołu	[0. 1.]	deskrypcja określona								
magnezjową draskę	1.0	wszystko OK	NIE	NIE						
malawska kwacza	[0. 1.]	wszystko OK	NIE	NIE WIEM						
małej retencji	0.0	wszystko OK	NIE	RACZEJ NIE						
małomiasteczkowych warcian	[0. 1.]	wszystko OK	NIE	NIE						
małych rączek	0.0	wszystko OK	NIE	NIE						
małżowin nosowych	1.0	wszystko OK	TAK	TAK						
małżowiny usznej	1.0	wszystko OK	TAK	TAK						
masażystka głuchoniewidoma	0.0	wszystko OK	NIE	NIE						
masy solnej	1.0	wszystko OK	NIE	NIE						
maszyn rolniczych	0.0	wszystko OK	NIE	NIE						
membrany biernej	1.0	wszystko OK	TAK	RACZEJ TAK						
metalowych kulek	0.0	wszystko OK	NIE	NIE						
metryką euklidesową	1.0	wszystko OK	TAK	TAK						
mielinowy neuryt	[0. 1.]	wszystko OK	TAK	TAK						
miękiszu korowego	0.0	wszystko OK	TAK	TAK						
milionów osób	0.0	wszystko OK	NIE	NIE						
minionej epoki	0.0	wszystko OK	NIE	NIE						
młodzieży gimnazjalnej	0.0	wszystko OK	NIE	NIE						
mocy obliczeniowej	0.0	wszystko OK	TAK	RACZEJ TAK						
mokrego dyngusa	[0. 1.]	wszystko OK	NIE	NIE						
muf suportowych	[0. 1.]	wszystko OK	TAK	RACZEJ TAK						
murowaną kaplicę	1.0	wszystko OK	NIE	NIE						
muszli klozetowej	1.0	wszystko OK	NIE	NIE						
naciśnięciu przycisku	1.0	wszystko OK	NIE	NIE						
naciśnięty klawisz	1.0	wszystko OK	NIE	NIE						
nadkwasocie żołądka	[0. 1.]	wszystko OK	TAK	RACZEJ TAK						
nadpłytkowość samoistną	[0. 1.]	wszystko OK	TAK	TAK						
nagłosie samogłoskowym	1.0	wszystko OK	TAK	TAK						
najechaniu kursorem	1.0	wszystko OK	NIE	NIE						
naparstnicy purpurowej	1.0	wszystko OK	TAK	TAK						
narzędzie umożliwiające	0.0	urwana fraza								
naszej kulturze	0.0	urwana fraza								
naturalnym środowisku	0.0	wszystko OK	NIE	NIE						
nawrót fotofazy	0.0	urwana fraza								
neorokokowa waza	1.0	wszystko OK	NIE	NIE						
nerwu kulszowego	1.0	wszystko OK	TAK	TAK						
neuralgii międzyżebrowej	1.0	wszystko OK	TAK	TAK						
neuroplastyczności synaptycznej	1.0	wszystko OK	TAK	TAK						
niemieckiego okupanta	1.0	wszystko OK	NIE	NIE						
nieomylności papieskiej	1.0	wszystko OK	NIE	NIE						
nieposzlakowanej opinii	[0. 1.]	wszystko OK	NIE	NIE						
nieżyt żołądka	[0. 1.]	wszystko OK	TAK	RACZEJ TAK						
nomu dolnoegipskiego	1.0	wszystko OK	TAK	TAK						
nonparel petit	1.0	błąd - niepolska zbitka wyrazów								
nowoczesnych urządzeń	0.0	wszystko OK	NIE	NIE						
nulla salus	1.0	błąd - niepolska zbitka wyrazów								
obciążoną hipotekę	1.0	wszystko OK	NIE	NIE						
obiad dwudaniowy	1.0	wszystko OK	NIE	NIE						
obrządku rzymskokatolickim	1.0	wszystko OK	NIE	RACZEJ NIE						
obwodzie homelskim	1.0	wszystko OK	TAK	RACZEJ TAK						
obywatelstwo niemieckie	1.0	wszystko OK	NIE	NIE						
ochroną gatunkową	0.0	wszystko OK	TAK	TAK						
ocieplanej budzie	1.0	wszystko OK	NIE	NIE						
odbytego szkolenia	0.0	wszystko OK	NIE	NIE						
oddziału przedszkolnego	0.0	wszystko OK	NIE	NIE						
odłowione bobry	0.0	wszystko OK	NIE	NIE						
odstępczych krolach	[0. 1.]	błąd - literówka								
ogrzewania grzejnikowego	0.0	wszystko OK	NIE	NIE						
ojcem chrzestnym	1.0	wszystko OK	NIE	NIE						
ojcem duchownym	[0. 1.]	wszystko OK	NIE	NIE						
okresie letnim	0.0	wszystko OK	NIE	NIE						
okrywy włosowej	[0. 1.]	wszystko OK	NIE	RACZEJ NIE						
oksydaza moczanowa	1.0	wszystko OK	TAK	TAK						
oksydazę monoaminową	1.0	wszystko OK	TAK	TAK						
oksydazę ponadtlenkową	1.0	wszystko OK	TAK	TAK						
online.org/szybkie.pozyczki.chwilowk i.ht	0.0	błąd - niegramatyczna fraza								
opactwo benedyktyńskie	[0. 1.]	wszystko OK	NIE	NIE						
opadniętą szczęką	1.0	wszystko OK	NIE	NIE						
oparzelizny powierzchniowej	1.0	wszystko OK	TAK	TAK						
opłat ponoszonych	[0. 1.]	urwana fraza								
opłatę recyklingową	1.0	wszystko OK	NIE	NIE						
opłaty adiacenckiej	1.0	wszystko OK	TAK	RACZEJ TAK						
opłaty komornicze	1.0	wszystko OK	NIE	NIE						
opłaty legalizacyjnej	1.0	wszystko OK	NIE	NIE						
opłaty produktowej	1.0	wszystko OK	NIE	NIE						
opłaty wyrównawczej	1.0	wszystko OK	NIE	NIE						
orbicie eliptycznej	[0. 1.]	wszystko OK	TAK	TAK						
orbicie okołoziemskiej	1.0	wszystko OK	TAK	TAK						
organ ewidencyjny	0.0	wszystko OK	NIE	NIE						
ortognatycznym dwuszczękowym	[0. 1.]	urwana fraza			zabieg chirurgiczny, operacja?					
osłona lufy	1.0	wszystko OK	NIE	NIE						
osobnych klatkach	0.0	wszystko OK	NIE	NIE						
osób zamieszkałych	0.0	urwana fraza								
ostatecznym celem	0.0	wszystko OK	NIE	NIE						
oślepiającym śnieżycom	0.0	wszystko OK	NIE	NIE						
owczarek szetlandzki	1.0	wszystko OK	TAK	TAK						
owczarka belgijskiego	1.0	wszystko OK	TAK	TAK						
pagórkowaty teren	0.0	wszystko OK	NIE	NIE						
paleta kolorystyczna	0.0	wszystko OK	NIE	NIE						
papierze barytowym	[0. 1.]	wszystko OK	NIE	NIE						
parafii ewangelickiej	1.0	wszystko OK	NIE	NIE						
parafii farnej	1.0	wszystko OK	NIE	NIE						
paralaksy geocentrycznej	1.0	wszystko OK	TAK	TAK						
paralaksy heliocentrycznej	1.0	wszystko OK	TAK	TAK						
parogodzinnym błąkaniu	1.0	wszystko OK	NIE	NIE						
parowozowni wachlarzowej	1.0	wszystko OK	NIE	RACZEJ NIE						
parugodzinnym szperaniu	[0. 1.]	wszystko OK	NIE	NIE						
pasku zadań	0.0	wszystko OK	NIE	NIE						
pasty wybielające	0.0	wszystko OK	NIE	NIE						
pawer sand	1.0	błąd - literówka			i niepolska zbitka					
perpetua probat	1.0	błąd - niepolska zbitka wyrazów								
piaszczyste wydmy	0.0	wszystko OK	NIE	NIE						
piecem dwuobiegowym	0.0	wszystko OK	NIE	NIE						
piechotę wybraniecką	1.0	wszystko OK	TAK	TAK						
piechoty zmotoryzowanej	[0. 1.]	wszystko OK	NIE	NIE						
pieczęci urzędowej	1.0	wszystko OK	NIE	NIE						
piemonckiego obłąkańca	1.0	wszystko OK	NIE	NIE						
pieprz betelowy	1.0	wszystko OK	TAK	RACZEJ TAK						
pierwotnych mieszkańców	0.0	wszystko OK	NIE	NIE						
pierwszego zespołu	1.0	wszystko OK	NIE	NIE						
pierwszej ciąży	1.0	wszystko OK	NIE	NIE						
pierwszej części	1.0	wszystko OK	NIE	NIE						
pierwszy oficjalnie	[0. 1.]	błąd - niewłaściwie rozpoznany typ strukturalny								
pisemnej gwarancji	0.0	wszystko OK	NIE	NIE						
plastyczności synaptycznej	[0. 1.]	wszystko OK	NIE	NIE						
płacenie rachunków	0.0	wszystko OK	NIE	NIE						
płaskiej podeszwie	[0. 1.]	wszystko OK	NIE	NIE						
płaszczem wodnym	1.0	wszystko OK	TAK	RACZEJ TAK						
płaszczyźnie astralnej	1.0	wszystko OK	NIE	NIE						
płowozłotą okrywą	1.0	wszystko OK	NIE	NIE						
pochodzenia żydowskiego	[0. 1.]	wszystko OK	NIE	NIE						
podatku akcyzowego	[0. 1.]	wszystko OK	TAK	TAK						
podbudowie tłuczniowej	1.0	wszystko OK	NIE	NIE						
podpieczony spód	1.0	wszystko OK	NIE	NIE						
podpionową termostatyczną	[0. 1.]	urwana fraza								
podporządkowaniami różniczkowymi	1.0	wszystko OK	NIE	NIE						
podsadzką hydrauliczną	1.0	wszystko OK	TAK	TAK						
podstawie porozumienia	0.0	wszystko OK	NIE	NIE						
podstawowym profilem	0.0	wszystko OK	NIE	NIE						
podworkowy szowinizm	1.0	błąd - literówka								
podwyższoną prolaktynę	1.0	wszystko OK	NIE	NIE						
polichlorek dwufenylu	0.0	wszystko OK	TAK	TAK						
poranną toaletę	1.0	wszystko OK	NIE	NIE						
posokowce bawarskie	1.0	wszystko OK	TAK	TAK	rasa psa!					
postępującej eutrofizacji	0.0	wszystko OK	NIE	NIE						
poszerszeniały perszeron	[0. 1.]	wszystko OK	NIE	NIE						
powięzi wewnątrzmiednicznej	1.0	wszystko OK	TAK	TAK						
poznania prawdy	0.0	wszystko OK	NIE	NIE						
pozytywne zaskoczenie	0.0	wszystko OK	NIE	NIE						
półmaską dwufiltrową	1.0	wszystko OK	NIE	NIE						
północnego bieguna	1.0	wszystko OK	TAK	TAK	powinny być wielkie litery i inna kolejność przydawki					
północno kalifornijski	[0. 1.]	urwana fraza								
północnym skraju	[0. 1.]	urwana fraza								
półprzepuszczalnej błonie	1.0	wszystko OK	NIE	NIE						
późnogotycki krucyfiks	1.0	wszystko OK	NIE	NIE						
praktykującą katoliczką	1.0	wszystko OK	NIE	NIE						
prawie magdeburskim	1.0	wszystko OK	TAK	TAK						
prawo pierwokupu	1.0	wszystko OK	TAK	TAK						
prehibernacji przedzimowej	1.0	wszystko OK	TAK	RACZEJ TAK						
prędkości obrotowej	0.0	wszystko OK	TAK	TAK						
procesów metabolicznych	0.0	wszystko OK	NIE	RACZEJ NIE						
pryśnięciu strużką	[0. 1.]	wszystko OK	NIE	NIE						
przedterminowe zwolnienie	0.0	wszystko OK	NIE	NIE						
przeor klasztoru	1.0	wszystko OK	TAK	TAK						
przepływ cewkowy	0.0	wszystko OK	TAK	TAK						
przesiąkłe pugilaresy	1.0	wszystko OK	NIE	NIE						
przesięk opłucnowy	1.0	wszystko OK	TAK	TAK						
przesrana placzka	[0. 1.]	błąd - literówka								
przetaczania krwi	[0. 1.]	wszystko OK	TAK	TAK						
przezierność karkowa	1.0	wszystko OK	TAK	TAK						
przyczynowości kumulatywnej	[0. 1.]	wszystko OK	TAK	RACZEJ TAK	prawo?					
przymkniętej przysłonie	1.0	wszystko OK	NIE	NIE						
przymrużonych powiek	[0. 1.]	wszystko OK	NIE	NIE						
przysadki mózgowej	1.0	wszystko OK	TAK	TAK						
przysłonie dwuotworowej	1.0	wszystko OK	TAK	TAK						
przyspieszenie grawitacyjne	0.0	wszystko OK	TAK	TAK						
publiczność zgodnie	1.0	urwana fraza								
pucharowy mecz	0.0	wszystko OK	NIE	NIE						
pułapek feromonowych	1.0	wszystko OK	NIE	NIE						
pułapkę ofsajdową	1.0	wszystko OK	NIE	NIE						
punktem zwrotnym	[0. 1.]	wszystko OK	NIE	NIE						
purée gruszkowego	1.0	wszystko OK	NIE	NIE						
purée kalafiorowe	1.0	wszystko OK	NIE	NIE						
purpurowej kamionki	[0. 1.]	wszystko OK	NIE	NIE						
pyłu wulkanicznego	[0. 1.]	wszystko OK	TAK	TAK						
rabelaisowską rubasznością	1.0	wszystko OK	NIE	NIE						
rachunkowości zarządczej	1.0	wszystko OK	NIE	NIE						
raka trzustki	0.0	wszystko OK	TAK	RACZEJ TAK						
raka żołądka	[0. 1.]	wszystko OK	TAK	RACZEJ TAK						
raz setny	1.0	błąd - niewłaściwie rozpoznany typ strukturalny								
reakcją egzotermiczną	1.0	wszystko OK	TAK	TAK						
retrakcji skrzepu	1.0	wszystko OK	TAK	TAK						
rezerwowy kierowca	0.0	wszystko OK	NIE	NIE						
rezonansu paramagnetycznego	1.0	wszystko OK	TAK	TAK						
rezonatora kwarcowego	1.0	wszystko OK	TAK	TAK						
roku 1970	[0. 1.]	błąd - niewłaściwie rozpoznany typ strukturalny								
roku 1979	[0. 1.]	błąd - niewłaściwie rozpoznany typ strukturalny								
rozkapryszony dzieciak	0.0	wszystko OK	NIE	NIE						
rozmnażania wegetatywnego	0.0	wszystko OK	TAK	TAK						
rozstrój żołądka	[0. 1.]	wszystko OK	NIE	NIE						
rozweselenia biadającej	0.0	wszystko OK	NIE	NIE						
rozwoju choroby	0.0	wszystko OK	NIE	NIE						
równań różniczkowych	0.0	wszystko OK	TAK	TAK						
różowego kwarcu	[0. 1.]	wszystko OK	TAK	TAK						
ruchu bezwizowego	[0. 1.]	wszystko OK	NIE	NIE						
rury podsiodłowej	[0. 1.]	wszystko OK	TAK	NIE WIEM						
rygla elektromagnetycznego	1.0	wszystko OK	TAK	RACZEJ TAK						
saksofonową frenezję	[0. 1.]	wszystko OK	NIE	NIE	metafora, doraźne użycie					
salamander bezpłucnych	1.0	wszystko OK	TAK	TAK						
saletry potasowej	1.0	wszystko OK	TAK	TAK						
salwa honorowa	1.0	wszystko OK	NIE	NIE						
sałatce jarzynowej	1.0	wszystko OK	NIE	NIE						
satrapa upasiony	[0. 1.]	wszystko OK	NIE	NIE	sam satrapa raczej termin					
sauna parowa	1.0	wszystko OK	TAK	RACZEJ TAK						
sauna sucha	[0. 1.]	wszystko OK	TAK	RACZEJ TAK						
separacja galwaniczna	1.0	wszystko OK	TAK	TAK						
serwet obrusowych	[0. 1.]	wszystko OK	NIE	NIE						
sex appeal	1.0	błąd - niepolska zbitka wyrazów								
sex oralny	1.0	błąd - niepolska zbitka wyrazów								
sfilcowanej wełny	[0. 1.]	wszystko OK	NIE	NIE						
siarczku kadmu	0.0	wszystko OK	TAK	TAK						
sieweczki obrożnej	[0. 1.]	wszystko OK	TAK	TAK						
skoliozą dwułukową	1.0	wszystko OK	TAK	TAK						
skrajniku dziobowym	1.0	wszystko OK	TAK	TAK						
skręt żołądka	[0. 1.]	wszystko OK	NIE	NIE						
słabych punktów	0.0	wszystko OK	NIE	NIE						
słowami księdza	0.0	wszystko OK	NIE	NIE						
smoły pogazowej	[0. 1.]	wszystko OK	TAK	RACZEJ TAK						
sobolowej pelisy	1.0	wszystko OK	NIE	NIE						
soczewek nasadkowych	1.0	wszystko OK	TAK	TAK						
soczewek wewnątrzgałkowych	1.0	wszystko OK	TAK	TAK						
sok malinowy	1.0	wszystko OK	NIE	NIE						
sok żurawinowy	1.0	wszystko OK	NIE	NIE						
soku jabłkowego	1.0	wszystko OK	NIE	NIE						
spadzi jodłowej	1.0	wszystko OK	TAK	RACZEJ TAK						
spichlerz zbożowy	0.0	wszystko OK	TAK	TAK	spichrz, spichlerz					
sposób ciągły	0.0	wszystko OK	NIE	NIE						
stabilnej pozycji	0.0	wszystko OK	NIE	NIE						
stopniowania trudności	0.0	wszystko OK	NIE	NIE						
strome podejście	0.0	wszystko OK	NIE	NIE						
strzelb myśliwskich	0.0	wszystko OK	NIE	NIE						
studni głębinowej	[0. 1.]	wszystko OK	NIE	NIE						
substytucję nukleofilową	1.0	wszystko OK	TAK	TAK						
suchość pochwy	1.0	wszystko OK	NIE	NIE						
sudańskimi mahdystami	1.0	wszystko OK	NIE	NIE						
superniskiej dyspersji	0.0	wszystko OK	NIE	NIE						
surowej ascezy	1.0	wszystko OK	TAK	TAK						
swojej świadomości	0.0	urwana fraza								
swój wizerunek	0.0	urwana fraza								
syjamski podwojny	1.0	błąd - literówka								
syntezy apertury	0.0	wszystko OK	TAK	TAK						
sytuacja rodzinna	0.0	wszystko OK	NIE	NIE						
szaroziemy półpustyń	1.0	wszystko OK	TAK	TAK						
szeroki zakres	0.0	wszystko OK	NIE	NIE						
sześcioklasowego progimnazjum	[0. 1.]	wszystko OK	NIE	NIE						
szkiełkiem nakrywkowym	1.0	wszystko OK	TAK	RACZEJ TAK						
szkuner sztakslowy	[0. 1.]	wszystko OK	TAK	TAK						
szlacheckiego rodu	0.0	wszystko OK	NIE	NIE						
szlaczkonia torfowca	[0. 1.]	wszystko OK	TAK	TAK	motyl					
szpicli ubowskich	1.0	deskrypcja określona								
szwy czaszkowe	1.0	wszystko OK	TAK	RACZEJ TAK						
szybkości głównego	0.0	urwana fraza								
śluzowej żołądka	1.0	urwana fraza								
śluzówkę żołądka	1.0	wszystko OK	NIE	NIE						
śmigło pchające	0.0	wszystko OK	TAK	TAK						
śniadaniu wykwaterowanie	1.0	urwana fraza								
świata nauki	0.0	wszystko OK	NIE	NIE						
świecie fantasy	0.0	wszystko OK	NIE	NIE						
świerzb uszny	[0. 1.]	wszystko OK	NIE	NIE	świerzbowiec					
tabula raza	1.0	błąd - literówka								
takich zespołów	[0. 1.]	urwana fraza								
taktowania zegara	0.0	wszystko OK	TAK	RACZEJ TAK						
tank hunterami	[0. 1.]	błąd - niepolska zbitka wyrazów								
taryfą operatora	[0. 1.]	wszystko OK	NIE	NIE						
technikum weterynarii	0.0	wszystko OK	NIE	NIE						
tegorocznego konkursu	0.0	wszystko OK	NIE	NIE						
tegorocznej akcji	0.0	wszystko OK	NIE	NIE						
tej linii	0.0	urwana fraza								
tensora polaryzowalności	[0. 1.]	wszystko OK	TAK	TAK						
termin wypowiedzenia	0.0	wszystko OK	NIE	NIE						
tym przedziale	0.0	urwana fraza								
udanych zakupów	0.0	wszystko OK	NIE	NIE						
ulach korpusowych	1.0	wszystko OK	NIE	NIE						
umiejętność pracy	0.0	wszystko OK	NIE	NIE						
upadły paladyn	0.0	wszystko OK	NIE	NIE						
uporczywej niealimentacji	[0. 1.]	wszystko OK	NIE	NIE						
urazy mechaniczne	0.0	wszystko OK	NIE	NIE						
uszczelki lufy	[0. 1.]	wszystko OK	NIE	NIE						
uśmiechnięte buzie	[0. 1.]	wszystko OK	NIE	NIE						
utrzymania kontaktu	0.0	wszystko OK	NIE	NIE						
uwięzieni anarchiści	0.0	wszystko OK	NIE	NIE						
użytkownik usunięty	0.0	wszystko OK	NIE	NIE	kolejność przydawek					
verba docent	1.0	błąd - niepolska zbitka wyrazów								
wafle ryżowe	1.0	wszystko OK	NIE	NIE						
warstewce kutykularnej	1.0	wszystko OK	TAK	RACZEJ TAK						
waza dipylońska	1.0	wszystko OK	TAK	TAK						
wczorajszej sesji	0.0	wszystko OK	NIE	NIE						
wektora indukcji	1.0	wszystko OK	TAK	TAK						
wenezuelski caudillo	1.0	błąd - niepolska zbitka wyrazów								
wentyla klapowego	1.0	wszystko OK	TAK	RACZEJ TAK						
wewnątrzmacicznym obumarciem	1.0	wszystko OK	NIE							
wewnątrzżylnej ablacji	1.0	wszystko OK	TAK	TAK						
wezwę policję	1.0	błąd - niewłaściwie rozpoznany typ strukturalny		NIE						
wędkarzy łowiących	0.0	urwana fraza								
wielką prośbę	0.0	wszystko OK	NIE	NIE						
wielkiej miłości	0.0	wszystko OK	NIE	NIE						
wieloletnią tradycją	0.0	wszystko OK	NIE	NIE						
wierzącym katolikiem	[0. 1.]	wszystko OK	NIE	NIE						
wierzba płacząca	[0. 1.]	wszystko OK	TAK	TAK						
wilgotności względnej	1.0	wszystko OK	TAK	TAK						
wilków morskich	0.0	wszystko OK	NIE	RACZEJ TAK						
wino półsłodkie	0.0	wszystko OK	TAK	TAK						
wizy wjazdowej	1.0	wszystko OK	NIE	NIE						
wkręty mocujące	0.0	wszystko OK	NIE	NIE						
własnoręcznym podpisem	1.0	wszystko OK	NIE	NIE						
włodarze klubu	0.0	wszystko OK	NIE	NIE						
wojsk niemieckich	[0. 1.]	wszystko OK	NIE	NIE						
worka przepuklinowego	[0. 1.]	wszystko OK	TAK	RACZEJ TAK						
wózków jezdniowych	0.0	wszystko OK	TAK	RACZEJ TAK						
wrodzona ciekawość	0.0	wszystko OK	NIE	NIE						
wrzodowej żołądka	[0. 1.]	urwana fraza								
wrzody żołądka	1.0	wszystko OK	NIE	NIE						
wspinaczki skalnej	[0. 1.]	nazwa własna	TAK	RACZEJ TAK						
wspinaczki wielowyciągowej	[0. 1.]	wszystko OK	TAK	RACZEJ TAK						
współczynnik dyskontujący	1.0	wszystko OK	TAK	TAK						
współczynnik infiltracji	1.0	wszystko OK	TAK	RACZEJ TAK						
współczynnik przenikalności	[0. 1.]	wszystko OK	TAK	RACZEJ NIE	raczej przenikania					
wszystkich sympatyków	0.0	urwana fraza								
wygasłych wulkanów	[0. 1.]	wszystko OK	TAK	RACZEJ TAK						
wykonalności nakazowi	1.0	urwana fraza								
wymierne oszczędności	0.0	wszystko OK	NIE	NIE						
wysoką pozycję	0.0	wszystko OK	NIE	NIE						
wyściełany pałąk	0.0	urwana fraza								
wywożenia zanęt	0.0	wszystko OK	NIE	NIE						
wyżyn pieśniarstwa	0.0	wszystko OK	NIE	NIE						
wzdłużeniu samogłoski	1.0	wszystko OK	NIE	NIE	terminem jest wzdłużenie zastępcze, w którym dochodzi do wzdłużenia samogłoski					
zaburzeniami rogowacenia	0.0	wszystko OK	NIE	NIE						
zaciemnionym pomieszczeniu	0.0	wszystko OK	NIE	NIE						
zadawnione nieporozumienia	0.0	wszystko OK	NIE	NIE						
zakłócenia porządku	0.0	wszystko OK	NIE	NIE						
zakonu franciszkańskiego	1.0	wszystko OK	NIE	NIE						
zakony klauzurowe	[0. 1.]	wszystko OK	TAK	RACZEJ TAK	zakon klauzurowy - definicja, synonimy, przykłady użycia (pwn.pl)					
zakony kontemplacyjne	1.0	wszystko OK	TAK	RACZEJ TAK	zakon kontemplacyjny - definicja, synonimy, przykłady użycia (pwn.pl)					
zakresu ekonomii	0.0	wszystko OK	NIE	NIE						
zakup mieszkania	0.0	wszystko OK	NIE	NIE						
załatane dziury	0.0	wszystko OK	NIE	NIE						
załatwiania skarg	0.0	wszystko OK	NIE	NIE						
załogi 1586	1.0	błąd - niewłaściwie rozpoznany typ strukturalny								
zapłaty należności	0.0	wszystko OK	NIE	NIE						
zarządu komisarycznego	[0. 1.]	wszystko OK	NIE	NIE						
zarzut rozboju	0.0	wszystko OK	NIE	RACZEJ NIE	rozbój w EPWN					
zastawki aortalnej	1.0	wszystko OK	TAK	TAK						
zatrzymania sprawcy	0.0	wszystko OK	NIE	NIE						
zawiesiny mikrokapsuł	0.0	wszystko OK	NIE	NIE						
zawodach triathlonowych	0.0	wszystko OK	TAK	RACZEJ TAK						
zbiornik kwarantannowy	1.0	wszystko OK	NIE	RACZEJ NIE						
zbór zielonoświątkowy	[0. 1.]	wszystko OK	TAK	TAK						
zespołów kameralnych	1.0	wszystko OK	NIE	NIE						
zespołów zadaniowych	[0. 1.]	wszystko OK	NIE	NIE						
zespołu otępiennego	1.0	wszystko OK	TAK	TAK						
zespołu projektowego	1.0	wszystko OK	NIE	NIE						
zespołu redakcyjnego	1.0	wszystko OK	NIE	NIE						
zgłębiania wiedzy	0.0	wszystko OK	NIE	NIE						
ziarniny gruźliczej	1.0	wszystko OK	TAK	TAK						
zieleni parkowej	0.0	wszystko OK	NIE	NIE						
ziemi chodzieskiej	0.0	wszystko OK	NIE	NIE						
złóż gazu	0.0	wszystko OK	NIE	RACZEJ NIE						
złudne poczucie	0.0	wszystko OK	NIE	NIE						
zmazy pierworodnej	1.0	wszystko OK	NIE	NIE						
znaczne zmniejszenie	0.0	wszystko OK	NIE	NIE						
znakiem rozpoznawczym	1.0	wszystko OK	NIE	NIE						
zorzy porannej	1.0	wszystko OK	TAK	TAK						
zupa gulaszowa	[0. 1.]	wszystko OK	NIE	NIE						
zwiększone zapotrzebowanie	0.0	wszystko OK	NIE	NIE						
zwoje mózgowe	0.0	wszystko OK	TAK	RACZEJ TAK						
zwycięską bramkę	0.0	wszystko OK	NIE	NIE						
zwycięskiej bitwie	[0. 1.]	wszystko OK	NIE	NIE						
żegocińska obrona	0.0	wszystko OK	NIE	NIE						
żołnierzy niemieckich	[0. 1.]	wszystko OK	NIE	NIE						
żurawi wieżowych	[0. 1.]	wszystko OK	TAK	TAK						
żurawiku łodziowym	0.0	wszystko OK	TAK	TAK						
