	type	first_word	first_word_lemma	first_word_id	second_word	second_word_lemma	second_word_id	full_mwe	full_mwe_lemma	sentence
0	VERB+PRON	spotka	spotkać	3	się	się	4	spotka się	spotkać się	A z kim spotka się teraz , po porażce ?
1	VERB+PRON	miały	mieć	5	się	się	6	miały się	mieć się	Wygoda i poziom życia konsumentów miały się wykreować same , być niejako wtórnym skutkiem celu zasadniczego , jakim było stworzenie wspólnego rynku .
2	ADJ+PRON	ciągnąca	ciągnąć	3	się	się	4	ciągnąca się	ciągnąć się	Zapoczątkowana zostaje , ciągnąca się przez następne stulecia , fatalna tradycja mieszania się Rosji w wewnętrzne sprawy polskie , terroru , skłócania bądź przekupstwa , a przede wszystkim osłabiania państwa polskiego , likwidacji , a przynajmniej ograniczania tych sił społecznych , które mogłyby mogły by przeforsować ratujące to państwo reformy .
3	VERB+PART	Ma	mieć	1	dość	dość	2	Ma dość	mieć dość	- Ma dość ciemną skórę , ale chyba nie jest Murzynem ?
4	ADJ+PRON	pokrywającego	pokrywać	22	się	się	23	pokrywającego się	pokrywać się	Poprzednia uchwała wygasła w 2006 roku , a nowa powiększy strefę w której ulgi mają obowiązywać , ze ścisłego centrum do obszaru pokrywającego się ze strefą płatnego parkowania .
5	VERB+PRON	chce	chcieć	3	się	się	4	chce się	chcieć się	Ale młodzież nie chce się ruszyć ze wsi , bo mieszkania są albo niedostępne , albo bardzo drogie .
6	VERB+PRON	Daj	dać	1	się	się	2	Daj się	dać się	– Daj się uwieść .
7	VERB+NOUN	ma	mieć	20	miejsca	miejsce	21	ma miejsca	mieć miejsce	Należy przeanalizować to , kiedy firma zobowiązuje się odsprzedać prawo do pobytu oraz co proponuje w zamian , jeżeli nie ma miejsca w wybranym przez turystę ośrodku .
8	VERB+PRON	chce	chcieć	1	się	się	2	chce się	chcieć się	Żona chce się ze mną rozwieść , straciła do mnie zaufanie .
9	VERB+PRON	trzymają	trzymać	4	się	się	5	trzymają się	trzymać się	Na tym samym poziomie trzymają się ceny marchwi i buraków - około złotówki za kilogram .
10	VERB+PRON	Spotkał	spotkać	0	się	się	1	Spotkał się	spotkać się	Spotkał się ze stanowczą odmową .
11	VERB+PRON	dał	dać	4	się	się	5	dał się	dać się	Niewykluczone , że premier dał się przekonać Cimoszewiczowi , iż orzeczenie Trybunału może być dla Olechowskiego niekorzystne .
12	PRON+VERB	się	się	5	przekonać	przekonać	6	się przekonać	się przekonać	Niewykluczone , że premier dał się przekonać Cimoszewiczowi , iż orzeczenie Trybunału może być dla Olechowskiego niekorzystne .
13	VERB+PRON	robi	robić	44	się	się	45	robi się	robić się	"U nas z kolei prace Chełmińskiego przerabia się na Chełmońskiego ( wystarczy zmienić jedną literkę ) , Kazimierza Wygrzywalskiego na Feliksa Wygrzywalskiego , Władysława Szernera jr . na ojca ( wymazując tylko "" jr "" ) , podobnie jak z prac córki Włodzimierza Tetmajera robi się obrazy taty ."
14	VERB+PRON	dopuszcza	dopuszczać	19	się	się	20	dopuszcza się	dopuszczać się	Ponadto handel obwoźny w tym miejscu jest niezgodny z uchwałą Rady Miejskiej , która wyraźnie określa miejsca , gdzie dopuszcza się taką formę sprzedaży .
15	VERB+PRON	zdecydował	zdecydować	7	się	się	8	zdecydował się	zdecydować się	Między lutym a majem 1945 r . zdecydował się los żyjącego dotąd na uboczu wojny miasta .
16	PRON+VERB	SIĘ	się	24	CHCIEĆ	chcieć	25	SIĘ CHCIEĆ	się chcieć	- MÓGŁBYM MÓGŁ BY M , GDYBYM GDYBY M CHCIAŁ , ALE KIEDY MOŻESZ WIEDZIEĆ WSZYSTKO , CO TYLKO ZECHCESZ , TO PRZESTAJE CI SIĘ CHCIEĆ .
17	VERB+PRON	deklarował	deklarować	2	się	się	3	deklarował się	deklarować się	I choć deklarował się jako niewierzący , to jednak z sympatii do nas wybrał się kiedyś na Mszę świętą , mimo że – jak mówił – nie był w kościele od ponad dziesięciu lat .
18	PRON+VERB	się	się	17	miały	mieć	18	się miały	się mieć	Olbrzymie straty materialne , których symbolem były ruiny Warszawy czy Gdańska , straty demograficzne , kulturalne odcisnąć się miały na życiu narodu na długi czas .
19	VERB+PROPN	ma	mieć	11	wyjścia	wyjście	12	ma wyjścia	mieć wyjście	Gra zaczyna się od nowa , z tej poczekalni również nie ma wyjścia .
20	VERB+PRON	zebrały	zebrać	2	się	się	3	zebrały się	zebrać się	Gdy dziewczęta zebrały się w sali szkolnej , wyjaśniła krótko : - Zdałyśmy Zdały śmy egzamin na ćwiczeniach .
21	VERB+PRON	spotkać	spotkać	28	się	się	29	spotkać się	spotkać się	Jak w miarę sprawnie i szybko odwiedzić Szwajcarię Indochin - Bangkok , zajrzeć na targ wodny gdzie za grosze można zakupić mniej , lub bardziej egzotyczne owoce , spotkać się z Czerwonymi Khmerami i spojrzeć w oczy Buddzie z siódmego nieba ?
22	VERB+PRON	zebrała	zebrać	6	się	się	7	zebrała się	zebrać się	"Podczas wczorajszej rozprawy na sali sądowej zebrała się 20-osobowa grupa skinheadów , którzy określili się jako "" prawdziwi Polacy "" ."
23	VERB+PRON	spotkali	spotkać	16	się	się	17	spotkali się	spotkać się	Przedstawiciele województwa podlaskiego ( m.in . starosta powiatu białostockiego Wiesław Pusz i senator Lech Feszler ) spotkali się z przewodniczącym komisji europejskiej do spraw polityki regionalnej .
24	ADJ+PRON	składające	składać	9	się	się	10	składające się	składać się	"Niemniej jednak należy pamiętać , że "" wszystkie elementy składające się na środowisko nie istnieją w izolacji i są ze sobą ściśle sprzężone "" ."
25	VERB+PRON	dzielą	dzielić	14	się	się	15	dzielą się	dzielić się	Po czterech latach doszedł do wniosku , że rzeczy , które można kupić , dzielą się na dobre , bardzo dobre i świetne .
26	VERB+PRON	znajdą	znaleźć	8	się	się	9	znajdą się	znaleźć się	Jedną czwartą pokryje budżet państwa , na resztę znajdą się środki z funduszu PHARE .
27	VERB+PRON	spotkają	spotkać	9	się	się	10	spotkają się	spotkać się	Prawicowi premier Jerzy Buzek i lider AWS Marian Krzaklewski spotkają się z Ojcem Świętym .
28	VERB+PRON	chce	chcieć	3	się	się	4	chce się	chcieć się	Poza tym jeśli chce się poważnie deliberować o poważnych sprawach , to lepiej być realistą .
29	VERB+NOUN	ma	mieć	11	miejsc	miejsce	12	ma miejsc	mieć miejsce	- Próbowałem Próbował em wytłumaczyć tym panom , że już nie ma miejsc na dzisiejszy występ . . . - piszczał pikolak , podnosząc swoją czapkę .
30	VERB+PRON	spotkać	spotkać	2	się	się	3	spotkać się	spotkać się	Trzeba też spotkać się z fachowcami , uzyskać pozwolenia , odbyć konsultacje .
31	VERB+PRON	dał	dać	11	się	się	12	dał się	dać się	Następnie hospitalizował się podając jako powód bóle nerek , ale nie dał się zbadać .
32	VERB+PRON	spotkał	spotkać	1	się	się	2	spotkał się	spotkać się	Wieczorem spotkał się z prezydentem Aleksandrem Kwaśniewskim , a potem z premierem Jerzym Buzkiem .
33	VERB+PRON	spotkał	spotkać	1	się	się	2	spotkał się	spotkać się	Arafat spotkał się wczoraj w Ramallah na Zachodnim Brzegu Jordanu z sekretarzem stanu USA Colinem Powellem , z którym wspólnie wystąpił na konferencji prasowej .
34	ADJ+PRON	dającej	dawać	13	się	się	14	dającej się	dawać się	Futurologowie snują , co prawda , rozważania o możliwości wskrzeszenia człowieka w nie dającej się określić przyszłości , pod warunkiem , że dzięki specjalnej technologii zamrozi się ciało , ale nie może to przesłonić faktu , że w naszym wieku śmierć jakby potaniała i zbanalizowała się .
35	VERB+PRON	daje	dawać	7	się	się	8	daje się	dawać się	Zwierzę polubiło piwko i bez kufla nie daje się wydoić .
36	VERB+PRON	dadzą	dać	6	się	się	7	dadzą się	dać się	Doświadczenia biurokracji komunistycznej w niewielkim stopniu dadzą się wykorzystać , a i tu legitymizowanie nowego porządku powoduje odżegnywanie się od tych doświadczeń na wszelkie sposoby .
37	VERB+PRON	dzielą	dzielić	1	się	się	2	dzielą się	dzielić się	Księgi dzielą się na cztery działy : I - określa nieruchomość : położenie , sposoby korzystania ( np . łąka , teren niezabudowany ) , jej wielkość .
38	VERB+PRON	spotkają	spotkać	14	się	się	15	spotkają się	spotkać się	28 czerwca w hotelu - kasynie MGM Grand w Las Vegas po raz drugi spotkają się Evander Holyfield i Mike Tyson .
39	VERB+PRON	spotkać	spotkać	8	się	się	9	spotkać się	spotkać się	Choć nie ma oficjalnych odwiedzin , mama może spotkać się z rodziną w korytarzu .
40	NOUN+VERB	zdaniem	zdanie	13	są	być	14	zdaniem są	zdanie być	Rodzice zebrali ponad sto podpisów przeciwko mundurkom wskazanym przez nią , bo ich zdaniem są za drogie ( sweter i kamizelka za 115 zł ) .
41	VERB+PRON	dzielą	dzielić	1	się	się	2	dzielą się	dzielić się	Sądy dzielą się na powszechne i szczególne , powszechne z kolei na sądy jurysdykcji ogólnej i powszechne sądy administracyjne .
42	VERB+PRON	skarży	skarżyć	8	się	się	9	skarży się	skarżyć się	- Pana nigdy dobudzić się nie można ; skarży się pan , że przeszkadzamy panu rozmowami , a potem pretensje .
43	VERB+NOUN	ma	mieć	2	powodu	powód	3	ma powodu	mieć powód	- Nie ma powodu , by zajmować się ruchami religijnymi tylko dlatego , że są nowe - tłumaczył Wiktor .
44	VERB+PRON	mieszcząc	mieścić	15	się	się	16	mieszcząc się	mieścić się	"W jego głosie słychać głos ofiar komunizmu - głos tych , którzy zginęli , nie mieszcząc się w proponowanej im "" formie człowieczeństwa "" ."
45	VERB+PRON	zebrało	zebrać	11	się	się	12	zebrało się	zebrać się	Wcześniej Oranżyści odmówili zmiany trasy pochodu do centrum miasta , gdzie zebrało się wczoraj na masową paradę 10 tysięcy członków tego bractwa .
46	NOUN+VERB	górach	góra	8	jest	być	9	górach jest	góra być	Kinga Baranowska : - Wbrew pozorom wypadków w górach jest bardzo mało .
47	VERB+PRON	stawia	stawiać	18	się	się	19	stawia się	stawiać się	"W związku z przypływem krwi objętość piersi zwiększa się , sutek jędrnieje i unosi się nieco - "" stawia się "" , a brodawka piersiowa twardnieje i zwiększa swoją wrażliwość ."
48	VERB+PRON	spotka	spotkać	2	się	się	3	spotka się	spotkać się	Marian Krzaklewski spotka się z Ojcem Świętym trzykrotnie : 1 maja po mszy , 2 maja w grupie liderów central związkowych i najprawdopodobniej 3 maja papież przyjmie go wraz z małżonką na audiencji .
49	VERB+PRON	składają	składać	6	się	się	7	składają się	składać się	"Na pojęcie "" drobna przedsiębiorczość "" składają się trzy rodzaje podmiotów funkcjonujących poza rolnictwem : mikropodmioty ( 1-10 pracowników ) , firmy małe ( 11-50 pracowników ) i średnie ( 51-250 pracowników ) ."
50	VERB+PRON	chcę	chcieć	3	się	się	4	chcę się	chcieć się	– Ja tylko chcę się zobaczyć z więźniarką Gertrudą von Mogmitz .
51	VERB+PRON	spotkał	spotkać	6	się	się	7	spotkał się	spotkać się	Oskarżony przyznał , że feralnego dnia spotkał się ze swoją przyjaciółką Iwoną M . , która zaprosiła go do wolnego mieszkania swojego szefa ( właściciela sklepu ) .
52	VERB+NOUN	ma	mieć	5	podstaw	podstawa	6	ma podstaw	mieć podstawa	Dodał też , że nie ma podstaw prawnych do wypłacenia odszkodowania za zaprzestanie przerobu zużytego paliwa jądrowego .
53	VERB+PRON	odbiła	odbić	6	się	się	7	odbiła się	odbić się	Kula przebiła szybę w oknie , odbiła się od ściany i upadła na łóżko , w którym spał właściciel mieszkania .
54	VERB+NOUN	był	być	13	udział	udział	14	był udział	być udział	Obok wielu biur podróży , oferujących różne formy wypoczynku , elementem wyróżniającym targi był udział firm zaopatrujących hotele oraz lokale gastronomiczne .
55	VERB+PRON	dopuszcza	dopuszczać	2	się	się	3	dopuszcza się	dopuszczać się	Tym razem dopuszcza się inną działalność , niż gastronomiczna .
56	VERB+PRON	uniosły	unieść	4	się	się	5	uniosły się	unieść się	W gasnącym świetle rakiety uniosły się zaciśnięte pięści .
57	VERB+PRON	znało	znać	13	się	się	14	znało się	znać się	Titkowowi udało się sfotografować pustkę po człowieku , wywołać żal , że nie znało się go bliżej .
58	AUX+PROPN	eś	być	6	zdania	zdanie	7	eś zdania	być zdanie	- Sprawdzić , czy nie zmienił eś zdania .
59	VERB+PRON	ciągnąć	ciągnąć	2	się	się	3	ciągnąć się	ciągnąć się	Ponadkilometrowa nitka ciągnąć się będzie pod obiektami przeprawy przez Regalicę ( w okolicach Basenu Górniczego ) .
60	VERB+PRON	prezentowały	prezentować	4	się	się	5	prezentowały się	prezentować się	Na scenie bez przerwy prezentowały się zespoły młodzieżowe z Reska , Szczecina , Polic i Wolina .
61	VERB+PRON	znajdzie	znaleźć	9	się	się	10	znajdzie się	znaleźć się	Pojawiły się jednak wątpliwości , czy w budżecie miasta znajdzie się gotówka na ten cel .
62	VERB+PRON	dają	dawać	15	się	się	16	dają się	dawać się	Lipidy stanowią klasę związków , które są trudno rozpuszczalne lub nierozpuszczalne w wodzie , a dają się wyekstrahować z tkanek przy pomocy niepolarnych rozpuszczalników organicznych , takich jak : eter , benzen , chloroform czy heksan .
63	VERB+PRON	ma	mieć	2	się	się	3	ma się	mieć się	I jeżeli ma się to sprowadzić do tego , kto kogo wyrżnie , kto będzie prezesem a kto wiceprezesem , to mnie takie gry w ogóle nie interesują .
64	PRON+NOUN	się	się	3	liczenie	liczyć	4	się liczenie	się liczyć	Jeszcze nie zakończyło się liczenie głosów , ale można już powiedzieć , że takiej koalicji nie będzie .
65	AUX+NOUN	jest	być	1	udział	udział	2	jest udział	być udział	Przewidziany jest udział lekarzy w dalszych pracach identyfikacyjnych .
66	VERB+PRON	dajmy	dać	2	się	się	3	dajmy się	dać się	- Nie dajmy się sprowokować ! - wołali drudzy .
67	VERB+PRON	podzieliła	podzielić	2	się	się	3	podzieliła się	podzielić się	Komisja tak podzieliła się w głosowaniu w tej sprawie , że rozstrzygnięcie było niemożliwe - dwóch członków komisji było za ukaraniem gwiżdżących posłów , dwóch przeciw i jeden wstrzymał się od głosu .
68	VERB+PRON	spotkało	spotkać	11	się	się	12	spotkało się	spotkać się	Podobnie jak w całym kraju , także w Łodzi tysiące osób spotkało się na orkiestrowym festynie na placu Dąbrowskiego .
69	VERB+PRON	ma	mieć	11	się	się	12	ma się	mieć się	Skład delegacji WAK na konferencję w Rambouillet pod Paryżem , która ma się rozpocząć w najbliższą sobotę , zostanie ogłoszony w środę .
70	VERB+VERB	miało	mieć	9	znaczyć	znaczyć	10	miało znaczyć	mieć znaczyć	Co , jak nam wyjaśniono na lekcji wychowawczej , miało znaczyć wschodzący nowy , lepszy świat .
71	ADJ+PRON	dającej	dać	5	się	się	6	dającej się	dać się	Oznacza to , iż w dającej się przewidzieć przyszłości właśnie małe i średnie firmy powinny dokonywać absorpcji pracy .
72	VERB+PRON	da	dać	4	się	się	5	da się	dać się	Czterdziesto- czy pięćdziesięciolatka nie da się na to ÇzłapaćČ .
73	VERB+VERB	ma	mieć	5	znaczyć	znaczyć	6	ma znaczyć	mieć znaczyć	– A cóż to niby ma znaczyć ?
74	VERB+PRON	znaleźli	znaleźć	1	się	się	2	znaleźli się	znaleźć się	Chętni znaleźli się dopiero podczas licytacji za 50 proc . wartości .
75	ADJ+PRON	ciągnącą	ciągnąć	24	się	się	25	ciągnącą się	ciągnąć się	A właściwie nie tyle jej słowa , do których nie przywiązywałem przywiązywał em wówczas specjalnej wagi , tylko melodię , powolną i dostojną , ciągnącą się wąską strużką pamięci niczym smuga kadzidlanego dymu - i ta nostalgiczna melodia podziałała na mnie kojąco .
76	VERB+PRON	spotkał	spotkać	2	się	się	3	spotkał się	spotkać się	Raz jeszcze spotkał się z Ottonem III , którego program federacji Niemiec , Galii i Słowiańszczyzny , popierał .
77	VERB+PRON	chcą	chcieć	6	się	się	7	chcą się	chcieć się	- Jak powiedzieć zakładom , które chcą się prywatyzować , że im nie wolno ?
78	VERB+PRON	oparł	oprzeć	7	się	się	8	oparł się	oprzeć się	Żeby jednak pozbyć się resztek wątpliwości - oparł się o kamień ramieniem i spróbował ruszyć go z miejsca .
79	VERB+PRON	przedstawiał	przedstawiać	4	się	się	5	przedstawiał się	przedstawiać się	Autor w górnolotnych słowach przedstawiał się jako obrońca natury przed niszczycielską technologią i cywilizacją .
80	VERB+PRON	chciał	chcieć	15	się	się	16	chciał się	chcieć się	Napomyka aluzyjnie , że jako młody , przystojny wikary był maglowany przez proboszcza , który chciał się z nim kotłować na łóżku .
81	VERB+PRON	odbili	odbić	12	się	się	13	odbili się	odbić się	Obaj prawie równocześnie uderzyli w prawy bok jadącego prawidłowo seata ibizy , odbili się od niego i jazdę zakończyli na daewoo nexii .
82	VERB+PRON	mają	mieć	4	się	się	5	mają się	mieć się	W sytuacji , gdy mają się rozpocząć rozmowy z rządem , a on deklaruje zniszczenie tego państwa , państwo musi reagować - odpowiada minister Biernacki .
83	VERB+PRON	ukazała	ukazać	2	się	się	3	ukazała się	ukazać się	W drzwiach ukazała się lisia twarz pana Hawełko .
84	VERB+PRON	dał	dać	10	się	się	11	dał się	dać się	Wiatrowski zapytany , czy nie jest mu głupio , że dał się tak oszukać , odpowiada wymijająco : - Gdybym Gdyby m to ja ukradł te pieniądze , to bym by m się czerwienił , ale to mnie je ukradziono .
85	VERB+PRON	Przedstawia	przedstawiać	0	się	się	1	Przedstawia się	przedstawiać się	Przedstawia się : - Michel Minnig , przedstawiciel Czerwonego Krzyża w Peru .
86	VERB+PRON	kręci	kręcić	18	się	się	19	kręci się	kręcić się	"Ogólnie panuje niezbyt duża tolerancja na ciszę - Irena skubie palce , Maciek głośno przełyka ślinę , Regina kręci się , wzdycha , poprawia buty , patrzy na zegarek , Iza chowa twarz w "" daszku "" z rąk ."
87	VERB+PRON	miało	mieć	11	się	się	12	miało się	mieć się	Wybudowano ją z kamieni polnych ciosanych w sześcian , a wewnątrz miało się także znaleźć miejsce dla wiernego konia rotmistrza ( co jest jednak mało prawdopodobne , bo przecież żaden koń – nawet najbardziej zasłużony – nie żyje ponad 30 lat ) .
88	VERB+NOUN	ma	mieć	16	sensu	sens	17	ma sensu	mieć sens	Tak jak nikt nie debatuje w kwestii konieczności odżywiania , czy odpoczynku , tak samo nie ma sensu włączać coś tak zwykłego jak seks ( mający miejsce pomiędzy ludźmi odpowiadającymi za swoje czyny ) w politykę , ani ideologię .
89	VERB+PRON	dali	dać	2	się	się	3	dali się	dać się	Dlaczego policjanci dali się zaskoczyć bandytom ?
90	VERB+PRON	kręci	kręcić	6	się	się	7	kręci się	kręcić się	Karuzela z nazwiskami pretendentów do ratuszy kręci się coraz szybciej , ale konkrety będą znane dopiero w kwietniu .
91	VERB+PRON	ma	mieć	3	się	się	4	ma się	mieć się	Następne spotkanie Rady ma się odbyć 8 lipca i wtedy próba zdjęcia prezesa TVP może zostać ponowiona .
92	VERB+NOUN	ma	mieć	2	wątpliwości	wątpliwość	3	ma wątpliwości	mieć wątpliwość	- Nie ma wątpliwości , że dla takiego banku jak Handlowy , skupionego na pewnej grupie klientów , nie jest bez znaczenia , czy będzie w stanie przekształcić się w bank uniwersalny , świadczący usługi zarówno dla przedsiębiorstw , jak i dla ludności .
93	VERB+PRON	zebrał	zebrać	4	się	się	5	zebrał się	zebrać się	W zamku Książąt Pomorskich zebrał się tłum uczniów i gości , którzy obejrzeli montaż poetycko - muzyczny w wykonaniu uczniów .
94	VERB+PRON	zrobi	zrobić	10	się	się	11	zrobi się	zrobić się	Później burty zostaną przemalowane , tym razem jednolicie , a zrobi się to podczas wyposażania frachtowca .
95	VERB+PRON	spotkał	spotkać	5	się	się	6	spotkał się	spotkać się	Obwieszony policyjnymi kamerami i mikrofonami spotkał się z nią w jadłodajni w centrum Kielc .
96	VERB+NOUN	ma	mieć	18	obowiązku	obowiązek	19	ma obowiązku	mieć obowiązek	- W umowie koalicyjnej zapisaliśmy zapisali śmy , że w sprawach ideowych będziemy się zbliżać , ale nie ma obowiązku jednomyślności .
97	VERB+NOUN	ma	mieć	7	kłopotu	kłopot	8	ma kłopotu	mieć kłopot	Ale skoro oskarżony się przyznał , nie ma kłopotu .
98	VERB+NOUN	miał	mieć	18	zaufanie	zaufanie	19	miał zaufanie	mieć zaufanie	Jeśli zawarty związek nie znaczy nic dla partnera , jeżeli oszukał , grał , ukrywał , za nic miał zaufanie , kłamał w żywe oczy , wyprowadził w pole , zadrwił za plecami , nie dotrzymał układu , cichcem i podstępnie przestał być partnerem , to znaczy , że nie ma nic pewnego , znowu jest się samym , porzuconym , posiadanie stronnika było tylko złudzeniem , jest się na tym świecie obcym pomiędzy obcymi , odrzuconym , niechcianym .
99	VERB+PRON	Robi	robić	0	się	się	1	Robi się	robić się	Robi się te rzeczy !
100	VERB+PRON	oparł	oprzeć	17	się	się	18	oparł się	oprzeć się	Prezes Radia dla Ciebie zwrócił się do Rzecznika Praw Obywatelskich o wyjaśnienie podstaw prawnych , na jakich oparł się Sellin żądając odpowiedzi na temat przynależności do partii .
101	VERB+PRON	spotkali	spotkać	1	się	się	2	spotkali się	spotkać się	Cichociemni spotkali się w GROM-ie .
102	VERB+PRON	mieścili	mieścić	7	się	się	8	mieścili się	mieścić się	Powodzenie ubiegłorocznego przedsięwzięcia , kiedy widzowie nie mieścili się w sali kinowej , a niektórzy wręcz leżeli pod ekranem , zdecydowało że teraz projekcje odbędą się w trzech miejscach .
103	ADJ+PRON	obracająca	obracać	1	się	się	2	obracająca się	obracać się	Dziewczyna obracająca się kusząco na parkiecie wydała mu się wyjątkowo wyjątkowa .
104	VERB+PRON	miała	mieć	8	się	się	9	miała się	mieć się	"Za papiery B , których sprzedaż w Stomilu miała się rozpocząć 28 czerwca , pracownicy zapłacą tyle samo , ile inwestorzy "" z ulicy "" ."
105	VERB+PRON	mieszczą	mieścić	16	się	się	17	mieszczą się	mieścić się	- Chciałem Chciał em tylko zwrócić twą uwagę na fakt , że złe duchy i potwory mieszczą się w takim oto zwykłym , maleńkim robaczku .
106	VERB+PRON	ukazało	ukazać	4	się	się	5	ukazało się	ukazać się	W trakcie odczyszczania zabytku ukazało się wiele nieznanych wizerunków .
107	NOUN+ADJ	zakup	zakup	8	robionych	robić	9	zakup robionych	zakup robić	Lepiej zarabiający robotnicy mogli bowiem pozwolić sobie na zakup robionych przez siebie samochodów .
108	VERB+PRON	prezentują	prezentować	10	się	się	11	prezentują się	prezentować się	Postkomuniści , niegdyś żerujący na nostalgii za PRL-em , dziś prezentują się jako partia otwarta na Europę Zachodnią , kompetentna w sprawowaniu władzy i promująca rozsądne zmiany .
109	PRON+VERB	się	się	1	zrobić	zrobić	2	się zrobić	się zrobić	Powinno się zrobić znacznie więcej - ukarać ministrów , ludzi winnych torturowania więźniów .
110	VERB+PRON	bawiło	bawić	14	się	się	15	bawiło się	bawić się	Na baliku zorganizowanym przez kostrzyńskich rzemieślników , który odbył się kilka dni temu , bawiło się około 100 dzieci .
111	VERB+PRON	mają	mieć	29	się	się	30	mają się	mieć się	Wszystko w związku z reformą oświaty i panującym na rynku zamieszaniem , które spowodowało , że w wielu szkołach uczniowie dowiedzą się dopiero we wrześniu , z jakich książek mają się uczyć .
112	VERB+PRON	zastanawia	zastanawiać	15	się	się	16	zastanawia się	zastanawiać się	- Ciekawe , dlaczego na chwilę przed wyborami pan minister stał się taki hojny - zastanawia się Artur Zawisza z PiS .
113	VERB+PRON	mieszczą	mieścić	1	się	się	2	mieszczą się	mieścić się	Obaj mieszczą się w limicie 16 punktów , jaki przewidziała dla dwóch zagranicznych jeźdźców GKSZ .
114	ADJ+PRON	deklarujący	deklarować	13	się	się	14	deklarujący się	deklarować się	"- Dobrze się bawił em na koncertach metalowych - mówi "" Krynia "" deklarujący się jako satanista ."
115	NOUN+VERB	kto	kto	2	wie	wiedzieć	3	kto wie	kto wiedzieć	Bo mało kto wie , że szczątki czworonoga należy zakopać w piaszczystym gruncie na głębokości 1,5 metra .
116	PRON+VERB	się	się	8	zrobić	zrobić	9	się zrobić	się zrobić	Związek jako taki powinien zaserwować sprawę , powinna się zrobić rozróbka a potem powinno wszystko działać jak należy .
117	VERB+PRON	chciał	chcieć	2	się	się	3	chciał się	chcieć się	A może chciał się jeszcze Fryderyk pochylić nad mogiłą najmłodszej swej siostry , Emilki ?
118	VERB+PRON	sypie	sypać	11	się	się	12	sypie się	sypać się	Samo dohyo jest zbudowane z ubitej trzciny ryżowej , na którą sypie się później glinę .
119	VERB+PRON	spotkał	spotkać	2	się	się	3	spotkał się	spotkać się	W poniedziałek spotkał się z wiernymi na południowej modlitwie .
120	ADJ+PRON	ciągnącej	ciągnąć	17	się	się	18	ciągnącej się	ciągnąć się	Przytacza się m.in . jego słowa , że koszt utrzymania stanu wojennego jest znacznie mniejszy od kosztów ciągnącej się przez półtora roku anarchii , strajków i bałaganu w gospodarce .
121	VERB+PRON	dał	dać	11	się	się	12	dał się	dać się	"Cztery minuty później w sytuacji "" sam na sam "" nie dał się pokonać Madejowi Majdan ."
122	VERB+PRON	znalazł	znaleźć	5	się	się	6	znalazł się	znaleźć się	Trzeba przyznać , że zanim znalazł się ten , który ją poskromił , schrupała tych cukiereczków niemało .
123	PRON+VERB	się	się	1	chciał	chcieć	2	się chciał	się chcieć	Ja się chciał em zapytać , czy generał Wilecki to jest Twoja lewa noga ?
124	VERB+PRON	spotkali	spotkać	118	się	się	119	spotkali się	spotkać się	"Po tysiącu lat kreowany jest na patrona jednoczącej się Europy . Stary patron nowej Europy Relikwiarz świętego Wojciecha w Gnieźnie FOT . STANISŁAW CIOK EWA K . CZACZKOWSKA Życie św . Wojciecha znaczyły kryzysy i katastrofy . Niektórzy złośliwi są skłonni nawet powiedzieć , że jego życie było totalnym bankructwem - trafnie zauważył ksiądz Henryk Żochowski na spotkaniu Akcji Katolickiej . Miał być rycerzem , a został biskupem . Dwukrotnie opuszczał biskupstwo szukając azylu w Rzymie , lecz go stamtąd wyrywano pod groźbą ekskomuniki . Pod koniec życia został misjonarzem , ale nikogo nie nawrócił . Ten z pozoru "" bankrut "" w półtora roku po śmierci został kanonizowany . W roku 1000 u jego grobu w Gnieźnie spotkali się wojciechowy przyjaciel - cesarz niemiecki Otton III , legat papieża Sylwestra II i książę Bolesław Chrobry , z którego dworu wyruszył nawracać pogan . To właśnie podówczas postanowiono utworzyć w Gnieźnie arcybiskupstwo , kładąc podwaliny pod samodzielną organizację kościelną w Polsce , cesarz zaś uznał suwerenność naszego kraju , dzięki czemu Polska mogła czuć się partnerem w europejskiej rodzinie krajów chrześcijańskich . I oto niebawem , 3 czerwca , podczas papieskiej pielgrzymki u grobu św . Wojciecha odbędzie się kolejny zjazd . Tym razem najwyższy hierarcha Kościoła katolickiego spotka się z prezydentami kilku tzw . świętowojciechowych państw : Niemiec , Słowacji , Węgier , Litwy i Polski ( z powodów zdrowotnych zabraknie prezydenta Czech ) oraz z przedstawicielem prezydenta Rosji . Zjazd gnieźnieński w roku 1000 był jednym z elementów wcielania w życie ottonowskiej koncepcji cesarstwa opartego na federacji równouprawnionych ludów . Ten obecny - jak można przypuszczać - będzie głównie przypomnieniem wspólnych chrześcijańskich korzeni Europy Zachodniej i Wschodniej oraz postaci Wojciecha , który podróżując między jej częściami przenosił idee , przerzucał mosty . Szukanie tamtych korzeni Profesor Henryk Samsonowicz w wywiadzie dla "" GW "" powiedział , że przed tysiącem lat Wojciech nadawał się na świętego "" jednoczącej się wówczas Europy "" lepiej niż ktokolwiek inny . Czech z pochodzenia , wykształcony w Niemczech , był biskupem Pragi i mnichem benedyktyńskim , przyjacielem cesarza i znajomym papieża ; przebywał w Italii , odwiedził Francję , Węgry , Polskę ; zginął nawracając Prusów . Ale okazuje się , że i teraz , w XX wieku , gdy Europa po rozpadzie dwóch wrogich obozów ponownie się jednoczy i szuka wspólnych korzeni , można sięgnąć do św . Wojciecha i kreować go na patrona wspólnej Europy ."
125	VERB+PRON	spotka	spotkać	208	się	się	209	spotka się	spotkać się	"Po tysiącu lat kreowany jest na patrona jednoczącej się Europy . Stary patron nowej Europy Relikwiarz świętego Wojciecha w Gnieźnie FOT . STANISŁAW CIOK EWA K . CZACZKOWSKA Życie św . Wojciecha znaczyły kryzysy i katastrofy . Niektórzy złośliwi są skłonni nawet powiedzieć , że jego życie było totalnym bankructwem - trafnie zauważył ksiądz Henryk Żochowski na spotkaniu Akcji Katolickiej . Miał być rycerzem , a został biskupem . Dwukrotnie opuszczał biskupstwo szukając azylu w Rzymie , lecz go stamtąd wyrywano pod groźbą ekskomuniki . Pod koniec życia został misjonarzem , ale nikogo nie nawrócił . Ten z pozoru "" bankrut "" w półtora roku po śmierci został kanonizowany . W roku 1000 u jego grobu w Gnieźnie spotkali się wojciechowy przyjaciel - cesarz niemiecki Otton III , legat papieża Sylwestra II i książę Bolesław Chrobry , z którego dworu wyruszył nawracać pogan . To właśnie podówczas postanowiono utworzyć w Gnieźnie arcybiskupstwo , kładąc podwaliny pod samodzielną organizację kościelną w Polsce , cesarz zaś uznał suwerenność naszego kraju , dzięki czemu Polska mogła czuć się partnerem w europejskiej rodzinie krajów chrześcijańskich . I oto niebawem , 3 czerwca , podczas papieskiej pielgrzymki u grobu św . Wojciecha odbędzie się kolejny zjazd . Tym razem najwyższy hierarcha Kościoła katolickiego spotka się z prezydentami kilku tzw . świętowojciechowych państw : Niemiec , Słowacji , Węgier , Litwy i Polski ( z powodów zdrowotnych zabraknie prezydenta Czech ) oraz z przedstawicielem prezydenta Rosji . Zjazd gnieźnieński w roku 1000 był jednym z elementów wcielania w życie ottonowskiej koncepcji cesarstwa opartego na federacji równouprawnionych ludów . Ten obecny - jak można przypuszczać - będzie głównie przypomnieniem wspólnych chrześcijańskich korzeni Europy Zachodniej i Wschodniej oraz postaci Wojciecha , który podróżując między jej częściami przenosił idee , przerzucał mosty . Szukanie tamtych korzeni Profesor Henryk Samsonowicz w wywiadzie dla "" GW "" powiedział , że przed tysiącem lat Wojciech nadawał się na świętego "" jednoczącej się wówczas Europy "" lepiej niż ktokolwiek inny . Czech z pochodzenia , wykształcony w Niemczech , był biskupem Pragi i mnichem benedyktyńskim , przyjacielem cesarza i znajomym papieża ; przebywał w Italii , odwiedził Francję , Węgry , Polskę ; zginął nawracając Prusów . Ale okazuje się , że i teraz , w XX wieku , gdy Europa po rozpadzie dwóch wrogich obozów ponownie się jednoczy i szuka wspólnych korzeni , można sięgnąć do św . Wojciecha i kreować go na patrona wspólnej Europy ."
126	NOUN+VERB	czasie	czas	2	mają	mieć	3	czasie mają	czas mieć	W najbliższym czasie mają zebrać się władze sekcji pięściarskiej Hetmana Białystok , aby podjąć decyzję o ukaraniu boksera .
127	VERB+PRON	zebrać	zebrać	4	się	się	5	zebrać się	zebrać się	W najbliższym czasie mają zebrać się władze sekcji pięściarskiej Hetmana Białystok , aby podjąć decyzję o ukaraniu boksera .
128	VERB+PRON	spotka	spotkać	7	się	się	8	spotka się	spotkać się	W piątek od rana w naszym mieście spotka się na plenarnym posiedzeniu Episkopat Polski .
129	VERB+PRON	spotkała	spotkać	3	się	się	4	spotkała się	spotkać się	Ta wizja macierzyństwa spotkała się z polemiką ze strony działaczki pacyfistycznej i feministycznej Madeleine Vernet ( 1878 - 1949 ) .
130	VERB+PRON	wypowiada	wypowiadać	9	się	się	10	wypowiada się	wypowiadać się	13 . Żona prezydenta zawsze pierwsza wie , komu wypowiada się wojnę , jakie podatki będą obowiązywały w przyszłym roku i do jakiej telewizji przenosi się znany prezenter telewizyjny .
131	VERB+PRON	zdecyduje	zdecydować	10	się	się	11	zdecyduje się	zdecydować się	To , czy ponownie zasiądzie w ławach na Wiejskiej , zdecyduje się , już bez jej udziału , w dzień wyborów samorządowych – prawdopodobnie 27 października .
132	VERB+NOUN	ma	mieć	2	miejsca	miejsce	3	ma miejsca	mieć miejsce	- Nie ma miejsca dla mnie ? - zapytał brunet i spojrzał uważnie na szatniarza .
133	VERB+PRON	zbierze	zebrać	4	się	się	5	zbierze się	zebrać się	Na początku przyszłego roku zbierze się specjalna komisja i je rozpatrzy .
134	VERB+PRON	odbił	odbić	10	się	się	11	odbił się	odbić się	Pojazd lewymi kołami wjechał na wewnętrzną stronę krawężnika ronda , odbił się od niej i przewrócił na prawy bok .
135	NOUN+PRON	spotkanie	spotkać	13	się	się	14	spotkanie się	spotkać się	Z Bydgoszczy wodniacy popłyną Kanałem Bydgoskim , Notecią i Wartą do Kostrzyna na spotkanie się z grupą zdążającą Odrą z Gliwic .
136	VERB+PRON	mają	mieć	7	się	się	8	mają się	mieć się	Pasażerowie przejeżdżający przez warszawski Dworzec Śródmieście nie mają się czym zachwycić .
137	VERB+PRON	spotkali	spotkać	3	się	się	4	spotkali się	spotkać się	Pod koniec października spotkali się na randce wieczorem , a gdy chłopak odprowadzał dziewczynę do domu na peryferiach miasta , usiedli jeszcze na chwilę na przystanku .
138	VERB+PRON	spotkać	spotkać	8	się	się	9	spotkać się	spotkać się	Cieszę się , że przy tej okazji mogę spotkać się z chorymi oraz z tymi , którzy im posługują .
139	ADJ+PRON	mieszczącego	mieścić	16	się	się	17	mieszczącego się	mieścić się	Dyrektor firmy Palm przeprowadził pierwszą bezpieczną transakcję płatności na odległość przy pomocy firmy Visa International oraz mieszczącego się w dłoni urządzenia PDA - minikomputera ( palmtopa ) funkcjonującego w oparciu o technologie bezprzewodowe .
140	PRON+VERB	się	się	15	czuje	czuć	16	się czuje	się czuć	"Docenianie się za piękno zewnętrzne nie jest tak istotne jak docenianie się za to że się czuje , egzystuje , "" toczy "" po tym świecie ."
141	VERB+PRON	dzielą	dzielić	8	się	się	9	dzielą się	dzielić się	Poza opisanymi sądami istnieją sądy szczególne , które dzielą się na dwa rodzaje : zupełnie nie związane z sądami powszechnymi oraz takie , które są wyodrębnioną częścią sądownictwa powszechnego .
142	VERB+PRON	spotkały	spotkać	1	się	się	2	spotkały się	spotkać się	Dziewczyny spotkały się w programie .
143	VERB+PRON	mijają	mijać	1	się	się	2	mijają się	mijać się	Ludzie mijają się czasem latami bez słowa , chociaż mieszkają drzwi w drzwi , nieskorzy jesteśmy do poznawania się nawzajem , bardzo nam trudno się przełamać , powiedzieć coś więcej niż grzecznościowe formuły .
144	PRON+VERB	się	się	8	ma	mieć	9	się ma	się mieć	- Jak się nie strzela goli , to się ma to co los przyniesie - stwierdził rozżalony szkoleniowiec Tarpana .
145	VERB+PRON	spotkało	spotkać	6	się	się	7	spotkało się	spotkać się	Po spotkaniu w stoczni prezydium OKP spotkało się na obradach .
146	NOUN+VERB	zdaniem	zdanie	30	ma	mieć	31	zdaniem ma	zdanie mieć	Jeżeli nawet fundamentalny moralny i cywilizacyjny dylemat dostępu do opieki medycznej i jej finansowania oraz system podatkowy i wydatki państwa sygnatariusze uważają za sprawy dla fachowców , to czemu ich zdaniem ma służyć polityka ?
147	VERB+PRON	odbija	odbijać	12	się	się	13	odbija się	odbijać się	W praktyce jest to kapsel ze sznureczkami i plasteliną , na której odbija się pieczątkę z numerem identyfikacyjnym .
148	VERB+PRON	ma	mieć	2	się	się	3	ma się	mieć się	Ale jak ma się takiego aniołka , to jakąś cenę trzeba za to zapłacić .
149	NOUN+VERB	prawo	prawo	20	ma	mieć	21	prawo ma	prawo mieć	Bo przecież - jak czytamy w uzasadnieniu do projektu rządowego - to Unia Europejska zdecydowała za nas , że takie prawo ma obowiązywać .
150	VERB+PRON	zebrał	zebrać	21	się	się	22	zebrał się	zebrać się	Akurat wtedy , gdy kadrowicze rozpakowywali w Warszawie swój sprzęt po powrocie ze zgrupowania w Barsinghausen , w kościele w Kazimierzu zebrał się tłum wiernych , który modlił się o powodzenie naszej drużyny w zbliżających się mistrzostwach świata .
151	VERB+PRON	ukazał	ukazać	7	się	się	8	ukazał się	ukazać się	Od 1930 roku , kiedy to potwór ukazał się po raz pierwszy , tysiące ludzi zapewniało , że go widziało .
152	VERB+PRON	daj	dać	1	się	się	2	daj się	dać się	Nie daj się schwytać , nie daj się otropić .
153	VERB+PRON	daj	dać	6	się	się	7	daj się	dać się	Nie daj się schwytać , nie daj się otropić .
154	VERB+PRON	ciągnęła	ciągnąć	6	się	się	7	ciągnęła się	ciągnąć się	Potem przemawiali inni mówcy i debata ciągnęła się przez następną godzinę .
155	VERB+PRON	spotkają	spotkać	3	się	się	4	spotkają się	spotkać się	Twoje dalekosiężne projekty spotkają się ze zrozumieniem najbliższej osoby .
156	VERB+PRON	Znamy	znać	0	się	się	1	Znamy się	znać się	Znamy się od kilku lat , więc kiedy Krzysztof powiedział , że dostają klucze do własnego mieszkania na warszawskim Gocławiu , nie mieliśmy mieli śmy wątpliwości , że to właśnie my zajmiemy się aranżacją wnętrz .
157	VERB+PRON	spotkał	spotkać	11	się	się	12	spotkał się	spotkać się	- Informacje Bronisława Klimaszewskiego , jakoby 3 sierpnia 1994 r . spotkał się z Aleksandrem Kwaśniewskim w Juracie , są niezgodne z faktami .
158	VERB+PRON	Mieści	mieścić	0	się	się	1	Mieści się	mieścić się	Mieści się w tym dodatkowy wysiłek załóg , z których ok . 60 proc . podejmuje na zasadach pełnej dobrowolności pracę także w soboty .
159	VERB+PRON	Chwalą	chwalić	0	się	się	1	Chwalą się	chwalić się	Chwalą się nawzajem za te wspaniałe filmy , które zrobili .
160	VERB+PRON	decydowało	decydować	9	się	się	10	decydowało się	decydować się	Remont miał być przeprowadzony w marcu , ale wówczas decydowało się , kto będzie nowym właścicielem tej kamienicy .
161	PRON+VERB	się	się	1	pogodzimy	pogodzić	2	się pogodzimy	się pogodzić	Jakoś się pogodzimy .
162	VERB+PRON	dzieli	dzielić	13	się	się	14	dzieli się	dzielić się	Metoda zastosowana przez badaczy polega na tym , że uzyskany w laboratorium embrion dzieli się na cztery części w momencie , gdy składa się z ośmiu komórek .
163	VERB+PRON	dał	dać	10	się	się	11	dał się	dać się	Leśnicy przypuszczają , że miś z racji bardzo młodego wieku dał się zaskoczyć człowiekowi .
164	VERB+PRON	spotkały	spotkać	2	się	się	3	spotkały się	spotkać się	423 razy spotkały się cztery rządowe komitety .
165	NOUN+VERB	górach	góra	6	jest	być	7	górach jest	góra być	Opiekun dzieciaków sądził , że w górach jest już wiosna .
166	VERB+PRON	daje	dawać	6	się	się	7	daje się	dawać się	Tuli się do wychowawczyni i nie daje się ukoić nawet za pomocą najładniejszego pluszaka .
167	VERB+PRON	stosuje	stosować	20	się	się	21	stosuje się	stosować się	Zdecydowanie wolała , gdy , jak dawniej , mapa pojawiała na tle szklanej szyby niż tak jak teraz , kiedy stosuje się blue-box , więc palcem trafia w pustkę , a mapę widzi jedynie na monitorze .
168	VERB+PRON	spotkał	spotkać	1	się	się	2	spotkał się	spotkać się	Lepper spotkał się wczoraj z rolnikami w Malechowie w województwie zachodniopomorskim .
169	VERB+PRON	trzymam	trzymać	17	się	się	18	trzymam się	trzymać się	Albo to była strasznie obrzydliwa fasolka i wtedy zrywam się z miejsca , podskakuję , wrzeszczę , trzymam się za usta , krzycząc : „ Zaraz będę haftował ! ” – to pewien sposób na aplauz widowni .
170	VERB+PRON	postarano	postarać	14	się	się	15	postarano się	postarać się	Uradziliśmy Uradzili śmy natychmiast depeszować do Brukseli , by trzymano się tego śladu i postarano się dowiedzieć jak najwięcej o owym panu Folkstonie .
171	PRON+VERB	się	się	15	dowiedzieć	dowiedzieć	16	się dowiedzieć	się dowiedzieć	Uradziliśmy Uradzili śmy natychmiast depeszować do Brukseli , by trzymano się tego śladu i postarano się dowiedzieć jak najwięcej o owym panu Folkstonie .
172	VERB+PRON	spotkało	spotkać	5	się	się	6	spotkało się	spotkać się	"Jak co roku kilkaset osób spotkało się w warszawskiej kawiarni "" Rozdroże "" , gdzie po raz ósmy wręczono nagrody Kisiela ."
173	VERB+PRON	spotkał	spotkać	7	się	się	8	spotkał się	spotkać się	Po meczu Polska - Estonia z działaczami spotkał się prezydent RP , Aleksander Kwaśniewski .
174	VERB+PRON	uśmiecha	uśmiechać	6	się	się	7	uśmiecha się	uśmiechać się	- Mamy się czym pochwalić - uśmiecha się burmistrz .
175	VERB+PRON	ukazuje	ukazywać	6	się	się	7	ukazuje się	ukazywać się	"W pewnej chwili na małym ekranie ukazuje się plansza : "" Przepraszamy za zakłócenia "" ."
176	VERB+PRON	daj	dać	1	się	się	2	daj się	dać się	Nie daj się zbywać ogólnikami .
177	VERB+PRON	decyduje	decydować	11	się	się	12	decyduje się	decydować się	To , czy i jakie włosy wyrosną na głowie człowieka , decyduje się już we wczesnym stadium rozwoju embrionalnego .
178	VERB+PRON	spotkali	spotkać	3	się	się	4	spotkali się	spotkać się	Przedstawiciele departamentu rybołówstwa spotkali się wczoraj z rybakami oraz prezydentem Kołobrzegu .
179	VERB+PRON	chciała	chcieć	14	się	się	15	chciała się	chcieć się	- Święty Wojciech żył w czasach przełomu , kiedy część Europy leżącej na Wschodzie chciała się włączyć do krajów cywilizacji chrześcijańskiej zachodniej .
180	VERB+PRON	chce	chcieć	7	się	się	8	chce się	chcieć się	Małysz wielokrotnie podkreślał , że do Turynu chce się przygotowywać tylko z Kuttinem .
181	VERB+PRON	daje	dawać	20	się	się	21	daje się	dawać się	Ona : łatwo wpada w złość i równie łatwo się uspokaja , dąsa się z byle powodu , ale łatwo daje się przeprosić , zwłaszcza pieszczotami ( nie zawsze niewinnymi ) .
182	VERB+PRON	wyróżnia	wyróżniać	4	się	się	5	wyróżnia się	wyróżniać się	Według tego samego kryterium wyróżnia się dwa rodzaje urządzeń elektrotermicznych : bezpośrednie i pośrednie , których działanie opiera się odpowiednio na nagrzewaniu elektrycznym bezpośrednim i pośrednim .
